"Chr","Start","End","Center","Experiment.Insertions","Background.insertions","Reference.Insertions","pvalue.Reference","pvalue.Background","Fraction.Experiment","TPH.Experiment","Fraction.background","TPH.background","TPH.background.subtracted","pvalue_adj.Reference","Nearest.Refseq1","Gene.Name1","Direction1","Distance1","Nearest.Refseq2","Gene.Name2","Direction2","Distance2"
"chr1",40897720,40898989,40898408,44,13,7,0,6.15e-08,4.31e-05,4312.190858,9.68e-06,967.6946313,3344.496226,0,"NM_133467","CITED4","-",-35375,"NM_172163","KCNQ4","+",-57269
"chr1",43829999,43831347,43830954,46,11,11,0,3.1e-07,4.51e-05,4508.199533,8.19e-06,818.8185342,3689.380999,0,"NM_001270461","ST3GAL3","+",0,"NR_106727","MIR6079","+",7275
"chr1",108198466,108199882,108199426,55,41,10,0,1.34e-07,5.39e-05,5390.238572,3.05e-05,3051.959991,2338.278581,0,"NM_013386","SLC25A24","-",0,"NM_213651","SLC25A24","-",-5658
"chr1",108216309,108217487,108217058,68,53,12,0,1.03e-08,6.66e-05,6664.294962,3.95e-05,3945.216574,2719.078388,0,"NM_001143989","NBPF4","-",5854,"NM_013386","SLC25A24","-",-15952
"chr1",108458159,108459797,108459285,54,26,13,0,4.13e-12,5.29e-05,5292.234234,1.94e-05,1935.389263,3356.844972,0,"NM_001143987","NBPF6","+",0,"NM_001010883","FAM102B","+",100552
"chr1",113388197,113389452,113389096,41,21,7,0,5.19e-06,4.02e-05,4018.177845,1.56e-05,1563.19902,2454.978825,0,"NM_001142782","MAGI3","+",1401,"NR_038846","LOC643441","-",-181945
"chr1",113975582,113977020,113976809,44,16,9,0,4.88e-09,4.31e-05,4312.190858,1.19e-05,1191.008777,3121.182081,0,"NM_198268","HIPK1","+",0,"NM_001286352","OLFML3","+",2371
"chr1",116508486,116510494,116509264,76,3,20,0,0,7.45e-05,7448.329663,2.23e-06,223.3141457,7225.015517,0,"NM_001779","CD58","-",4040,"NM_001144822","CD58","-",8206
"chr1",117590826,117591996,117591312,43,25,8,0,1.75e-05,4.21e-05,4214.18652,1.86e-05,1860.951214,2353.235306,0,"NR_121626","LOC100996263","-",4836,"NM_017709","FAM46C","+",13986
"chr1",147675987,147677336,147676833,64,28,12,0,7.84e-10,6.27e-05,6272.277611,2.08e-05,2084.26536,4188.012251,0,"NM_001323625","ACP6","-",-5445,"NM_016361","ACP6","-",-5476
"chr1",148651464,148652989,148652623,55,30,17,0,9.89e-08,5.39e-05,5390.238572,2.23e-05,2233.141457,3157.097115,0,"NM_015383","NBPF14","-",-55748,"NR_104005","NUDT4P2","+",95567
"chr1",188371328,188373521,188371915,43,20,30,0,2.91e-09,4.21e-05,4214.18652,1.49e-05,1488.760971,2725.425549,0,"NR_132374","LINC01037","+",-894107,"NR_126347","LINC01036","+",-1011085
"chr1",191701250,191702411,191701860,47,56,10,0,0.000293193,4.61e-05,4606.203871,4.17e-05,4168.530719,437.6731511,0,"NM_130782","RGS18","+",456051,"NR_146892","LINC01680","-",-472753
"chr10",8725294,8727606,8726431,47,40,17,0,7.86e-08,4.61e-05,4606.203871,2.98e-05,2977.521942,1628.681928,0,"NR_134492","LOC105376398","-",-130904,"NR_131944","LOC105755953","+",170383
"chr10",21183713,21185277,21184514,46,25,14,0,1.41e-05,4.51e-05,4508.199533,1.86e-05,1860.951214,2647.248319,0,"NR_046283","NEBL-AS1","+",-8791,"NM_213569","NEBL","-",-9527
"chr10",103167805,103169172,103168695,88,78,19,0,7.51e-06,8.62e-05,8624.381715,5.81e-05,5806.167788,2818.213927,0,"NM_001351169","NT5C2","-",0,"NM_001351191","NT5C2","-",-13985
"chr10",115664074,115665167,115664803,60,80,14,0,1.21e-07,5.88e-05,5880.26026,5.96e-05,5955.043885,-74.78362463,0,"NM_207303","ATRNL1","+",0,"NM_001348099","GFRA1","-",391764
"chr11",80719439,80720785,80720365,40,10,19,0,5.27e-11,3.92e-05,3920.173507,7.44e-06,744.3804856,3175.793021,0,"NR_120570","LOC101928944","-",30416,"NR_120571","MIR4300HG","-",1159066
"chr11",84687362,84688867,84687756,73,67,12,0,0.000106937,7.15e-05,7154.31665,4.99e-05,4987.349254,2166.967396,0,"NM_001351276","DLG2","-",0,"NM_001206769","DLG2","-",-370024
"chr12",21725672,21726653,21726237,39,29,10,0,1.39e-05,3.82e-05,3822.169169,2.16e-05,2158.703408,1663.465761,0,"NM_004982","KCNJ8","-",38302,"NM_001315537","LDHB","-",-67818
"chr12",53870930,53872238,53871952,42,19,6,0,2.72e-07,4.12e-05,4116.182182,1.41e-05,1414.322923,2701.85926,0,"NR_047507","HOXC13-AS","-",63090,"NM_017410","HOXC13","+",66554
"chr12",63861992,63862776,63862396,39,14,5,0,8.96e-08,3.82e-05,3822.169169,1.04e-05,1042.13268,2780.036489,0,"NM_020762","SRGAP1","+",0,"NR_126167","TMEM5-AS1","-",-39837
"chr12",118059088,118060284,118059764,39,18,9,0,1.61e-05,3.82e-05,3822.169169,1.34e-05,1339.884874,2482.284295,0,"NM_001278558","WSB2","-",0,"NM_019086","VSIG10","-",3309
"chr14",37566280,37567326,37566809,70,67,13,0,4.63e-07,6.86e-05,6860.303637,4.99e-05,4987.349254,1872.954383,0,"NM_001195297","MIPOL1","+",-15022,"NM_004496","FOXA1","-",22226
"chr14",61514006,61516684,61515453,53,25,19,0,4.86e-08,5.19e-05,5194.229897,1.86e-05,1860.951214,3333.278683,0,"NM_006255","PRKCH","+",0,"NR_110417","LOC101927780","-",39588
"chr14",68139261,68142265,68140506,82,34,33,0,2.59e-14,8.04e-05,8036.355689,2.53e-05,2530.893651,5505.462038,0,"NM_001321819","RAD51B","+",0,"NM_015346","ZFYVE26","-",-322673
"chr14",75282358,75283823,75283376,42,18,13,0,3.18e-05,4.12e-05,4116.182182,1.34e-05,1339.884874,2776.297308,0,"NM_005252","FOS","+",-125,"NR_038421","LINC01220","+",10581
"chr15",50205688,50206333,50205888,37,16,3,0,1.78e-06,3.63e-05,3626.160494,1.19e-05,1191.008777,2435.151717,0,"NM_003645","SLC27A2","+",0,"NM_002112","HDC","-",35616
"chr15",55357785,55358814,55358510,40,10,12,0,5.22e-10,3.92e-05,3920.173507,7.44e-06,744.3804856,3175.793021,0,"NR_037923","DNAAF4-CCPG1","-",0,"NM_004855","PIGB","+",-2138
"chr15",95895296,95896503,95895693,41,40,12,0,0.000588885,4.02e-05,4018.177845,2.98e-05,2977.521942,1040.655902,0,"NR_125738","NR2F2-AS1","-",230857,"NR_102743","NR2F2-AS1","-",369883
"chr15",98748597,98749724,98749214,56,62,16,0,0.000221058,5.49e-05,5488.24291,4.62e-05,4615.159011,873.0838988,0,"NM_000875","IGF1R","+",0,"NR_039864","MIR4714","+",34702
"chr16",71707682,71708714,71708187,44,19,6,0,2.13e-05,4.31e-05,4312.190858,1.41e-05,1414.322923,2897.867935,0,"NM_001289003","PHLPP2","-",0,"NR_033337","SNORA70D","-",-8982
"chr16",87789520,87790252,87789720,48,21,4,0,9.56e-06,4.7e-05,4704.208208,1.56e-05,1563.19902,3141.009188,0,"NR_120309","LOC102724467","-",-10373,"NM_001351937","KLHDC4","-",-23529
"chr17",58740898,58741634,58741118,49,23,5,0,6.44e-09,4.8e-05,4802.212546,1.71e-05,1712.075117,3090.137429,0,"NR_103872","RAD51C","+",-6557,"NM_014906","PPM1E","+",14235
"chr17",59093106,59095705,59094612,75,37,21,0,4.78e-12,7.35e-05,7350.325325,2.75e-05,2754.207797,4596.117529,0,"NM_001320989","TRIM37","-",0,"NM_001330399","SKA2","-",14154
"chr17",59832730,59833500,59833124,51,34,9,0,2.74e-05,5e-05,4998.221221,2.53e-05,2530.893651,2467.32757,0,"NM_001329397","VMP1","+",0,"NR_029493","MIR21","+",7766
"chr17",60030854,60031476,60031092,64,48,4,0,2.53e-05,6.27e-05,6272.277611,3.57e-05,3573.026331,2699.25128,0,"NR_039890","MIR4737","-",11549,"NM_022070","HEATR6","-",11715
"chr17",60567361,60568518,60568041,53,24,13,0,9.2e-09,5.19e-05,5194.229897,1.79e-05,1786.513165,3407.716731,0,"NR_126009","LINC01999","+",0,"NM_003620","PPM1D","+",31665
"chr17",61360113,61361506,61360713,74,47,13,0,7.04e-08,7.25e-05,7252.320988,3.5e-05,3498.588282,3753.732705,0,"NM_001353146","BCAS3","+",0,"NR_136397","LOC101927855","-",162
"chr17",61722584,61724092,61723257,196,183,24,0,6e-07,0.000192089,19208.85018,0.000136222,13622.16289,5586.687297,0,"NM_032043","BRIP1","-",0,"NM_199290","NACA2","-",-131383
"chr17",62887764,62888999,62888544,52,29,11,0,1.68e-05,5.1e-05,5096.225559,2.16e-05,2158.703408,2937.522151,0,"NR_135634","LOC101927877","+",-51394,"NR_030363","MIR633","+",55216
"chr2",11498204,11499199,11498905,53,46,8,0,9.42e-05,5.19e-05,5194.229897,3.42e-05,3424.150234,1770.079663,0,"NM_001278275","E2F6","-",-32028,"NM_014668","GREB1","+",34917
"chr2",35297046,35298500,35297657,44,24,22,0,2.31e-06,4.31e-05,4312.190858,1.79e-05,1786.513165,2525.677692,0,"NR_039629","MIR548AD","+",172905,"NR_126404","LINC01320","+",-574484
"chr2",129864235,129865542,129865002,40,19,9,0,2.5e-06,3.92e-05,3920.173507,1.41e-05,1414.322923,2505.850584,0,"NR_026740","PLAC9P1","-",57320,"NR_110285","LINC01856","+",57635
"chr2",141501478,141502763,141502359,43,55,12,0,6.7e-05,4.21e-05,4214.18652,4.09e-05,4094.092671,120.093849,0,"NM_018557","LRP1B","-",0,"NR_106979","MIR7157","-",-914794
"chr2",200786041,200786915,200786519,62,27,10,0,5.07e-10,6.08e-05,6076.268936,2.01e-05,2009.827311,4066.441624,0,"NR_135011","AOX3P-AOX2P","+",0,"NM_001207067","BZW1","+",24631
"chr2",209495068,209496550,209496309,38,14,11,0,1.04e-07,3.72e-05,3724.164832,1.04e-05,1042.13268,2682.032152,0,"NM_001039538","MAP2","+",0,"NM_002374","MAP2","+",83129
"chr20",48064666,48065627,48065258,60,29,9,0,4.97e-06,5.88e-05,5880.26026,2.16e-05,2158.703408,3721.556852,0,"NR_110027","LINC01522","-",-74550,"NR_109942","LINC01523","+",-80354
"chr20",48571435,48572727,48572317,49,17,8,0,1.5e-06,4.8e-05,4802.212546,1.27e-05,1265.446826,3536.76572,0,"NM_020820","PREX1","-",51528,"NR_026958","LINC00494","+",-200798
"chr20",48863714,48865108,48864897,42,13,6,0,7.41e-07,4.12e-05,4116.182182,9.68e-06,967.6946313,3148.487551,0,"NM_020820","PREX1","-",-35832,"NM_006420","ARFGEF2","+",56630
"chr20",50726735,50727892,50727505,93,56,8,0,1.25e-06,9.11e-05,9114.403403,4.17e-05,4168.530719,4945.872684,0,"NM_032521","PARD6B","+",3652,"NM_001290268","RIPOR3","-",-35206
"chr20",50763878,50764686,50764178,65,32,6,0,2.35e-07,6.37e-05,6370.281949,2.38e-05,2382.017554,3988.264395,0,"NM_032521","PARD6B","+",-10138,"NM_017843","BCAS4","+",30208
"chr20",50798171,50799631,50799210,55,26,9,0,9.84e-07,5.39e-05,5390.238572,1.94e-05,1935.389263,3454.849309,0,"NM_017843","BCAS4","+",0,"NM_032521","PARD6B","+",-44431
"chr20",51984622,51985760,51985314,66,46,14,0,0.000429151,6.47e-05,6468.286286,3.42e-05,3424.150234,3044.136053,0,"NM_199427","ZFP64","-",98251,"NR_110016","LINC01429","-",-121710
"chr20",53679322,53680664,53679851,137,128,11,0,4.67e-05,0.000134266,13426.59426,9.53e-05,9528.070216,3898.524045,0,"NR_134576","LOC105372672","+",-44733,"NM_006526","ZNF217","-",-96226
"chr20",53786107,53786952,53786404,101,91,7,0,0.000256094,9.9e-05,9898.438105,6.77e-05,6773.862419,3124.575686,0,"NR_002189","SUMO1P1","-",87549,"NR_134576","LOC105372672","+",-151518
"chr20",53800320,53801731,53801003,66,47,12,0,1.33e-05,6.47e-05,6468.286286,3.5e-05,3498.588282,2969.698004,0,"NR_002189","SUMO1P1","-",72770,"NM_001323347","BCAS1","-",141807
"chr20",54067444,54071684,54069405,134,82,18,0,2.01e-14,0.000131326,13132.58125,6.1e-05,6103.919982,7028.661266,0,"NM_001316361","BCAS1","-",0,"NM_001323347","BCAS1","-",-8425
"chr20",54194696,54195682,54195255,55,10,6,0,0,5.39e-05,5390.238572,7.44e-06,744.3804856,4645.858086,0,"NM_002623","PFDN4","+",12281,"NM_001128915","CYP24A1","-",-20720
"chr20",59986857,59988245,59988026,53,36,12,0,1.92e-07,5.19e-05,5194.229897,2.68e-05,2679.769748,2514.460148,0,"NM_177980","CDH26","+",0,"NM_001348204","CDH26","+",8117
"chr21",37267580,37268817,37268462,38,17,11,0,3.96e-05,3.72e-05,3724.164832,1.27e-05,1265.446826,2458.718006,0,"NM_001331021","DSCR3","-",0,"NM_006052","DSCR3","-",-49
"chr21",39592931,39594035,39593765,42,16,16,0,1.22e-07,4.12e-05,4116.182182,1.19e-05,1191.008777,2925.173405,0,"NR_026542","B3GALT5-AS1","-",3113,"NR_026543","B3GALT5-AS1","-",11571
"chr21",40367285,40368481,40367961,43,47,11,0,3.27e-05,4.21e-05,4214.18652,3.5e-05,3498.588282,715.5982375,0,"NM_001271534","DSCAM","-",0,"NR_038900","DSCAM-AS1","+",14602
"chr22",15771821,15773197,15772599,39,21,7,0,1.85e-07,3.82e-05,3822.169169,1.56e-05,1563.19902,2258.970149,0,"NR_132385","LINC01297","+",0,"NR_122113","DUXAP8","+",11757
"chr3",61626563,61627990,61627504,75,39,16,0,3.54e-07,7.35e-05,7350.325325,2.9e-05,2903.083894,4447.241431,0,"NM_002841","PTPRG","+",0,"NM_002012","FHIT","-",-375103
"chr3",62005954,62007474,62007139,52,14,20,0,2.39e-12,5.1e-05,5096.225559,1.04e-05,1042.13268,4054.092879,0,"NM_002841","PTPRG","+",0,"NR_038281","PTPRG-AS1","-",254345
"chr3",64490992,64491931,64491527,55,15,9,0,2.25e-14,5.39e-05,5390.238572,1.12e-05,1116.570728,4273.667844,0,"NM_001318781","ADAMTS9","-",23724,"NR_110151","ADAMTS9-AS1","+",69415
"chr3",121942186,121943044,121942659,46,35,15,0,0.000250624,4.51e-05,4508.199533,2.61e-05,2605.3317,1902.867833,0,"NM_001145998","SLC15A2","+",0,"NM_001199799","ILDR1","-",44279
"chr3",153138268,153139413,153139128,39,18,6,0,1.05e-05,3.82e-05,3822.169169,1.34e-05,1339.884874,2482.284295,0,"NM_002886","RAP2B","+",22799,"NR_146713","LINC02006","-",244137
"chr3",161290591,161291457,161291221,52,50,6,0,4.59e-06,5.1e-05,5096.225559,3.72e-05,3721.902428,1374.323131,0,"NM_001320227","NMD3","+",-37060,"NM_015938","NMD3","+",-38585
"chr3",190585651,190587628,190586689,77,29,15,0,1.69e-14,7.55e-05,7546.334001,2.16e-05,2158.703408,5387.630592,0,"NM_001167930","IL1RAP","+",0,"NM_207316","TMEM207","-",-135776
"chr4",39539503,39540798,39540296,51,42,14,0,0.000150407,5e-05,4998.221221,3.13e-05,3126.39804,1871.823182,0,"NR_047679","UGDH-AS1","+",0,"NM_001317897","SMIM14","-",6499
"chr4",67928433,67929953,67929268,39,24,17,0,8.93e-06,3.82e-05,3822.169169,1.79e-05,1786.513165,2035.656004,0,"NM_001114387","TMPRSS11A","-",0,"NM_004262","TMPRSS11D","-",-44436
"chr4",142614511,142615932,142615460,61,70,18,0,0.00026249,5.98e-05,5978.264598,5.21e-05,5210.663399,767.6011987,0,"NM_001101669","INPP4B","-",0,"NR_136203","LOC105377623","-",561728
"chr4",156305284,156305743,156305514,37,17,3,0,6.33e-06,3.63e-05,3626.160494,1.27e-05,1265.446826,2360.713668,0,"NM_001334","CTSO","-",-351389,"NM_005651","TDO2","+",-384879
"chr4",160658699,160659229,160658996,40,17,4,0,1.12e-10,3.92e-05,3920.173507,1.27e-05,1265.446826,2654.726681,0,"NM_001128427","FSTL5","-",724663,"NR_146278","LINC02233","-",-880916
"chr4",171203039,171204191,171203672,40,20,16,0,3.94e-07,3.92e-05,3920.173507,1.49e-05,1488.760971,2431.412536,0,"NR_106730","MIR6082","+",-16748,"NR_038838","LINC02431","+",-143880
"chr5",19734400,19735453,19734934,53,38,10,0,1.47e-06,5.19e-05,5194.229897,2.83e-05,2828.645845,2365.584051,0,"NM_001349559","CDH18","-",0,"NR_146519","CDH18-AS1","+",570098
"chr5",57334306,57335640,57335269,41,13,10,0,7.52e-06,4.02e-05,4018.177845,9.68e-06,967.6946313,3050.483213,0,"NM_022913","GPBP1","+",-69628,"NM_001017992","ACTBL2","-",144376
"chr5",103014060,103015543,103015163,53,22,19,0,2.09e-08,5.19e-05,5194.229897,1.64e-05,1637.637068,3556.592828,0,"NM_001319943","PAM","+",0,"NR_134299","GIN1","-",70457
"chr5",146027389,146028139,146027589,39,13,6,0,3.57e-09,3.82e-05,3822.169169,9.68e-06,967.6946313,2854.474538,0,"NM_152550","SH3RF2","+",0,"NM_001029869","PLAC8L1","-",56174
"chr5",173535003,173536148,173535774,59,56,7,0,5.73e-06,5.78e-05,5782.255923,4.17e-05,4168.530719,1613.725203,0,"NR_027109","LOC285593","+",43486,"NM_138369","BOD1","-",70997
"chr6",81787144,81788244,81787796,46,16,9,0,2.29e-08,4.51e-05,4508.199533,1.19e-05,1191.008777,3317.190756,0,"NR_126363","LINC01526","-",25042,"NM_017633","FAM46A","-",-34434
"chr6",83089475,83090772,83090277,41,12,21,0,5.75e-10,4.02e-05,4018.177845,8.93e-06,893.2565827,3124.921262,0,"NM_015018","DOPEY1","+",0,"NR_146809","UBE3D","-",-23635
"chr6",116073192,116074372,116073871,46,14,16,0,6.24e-10,4.51e-05,4508.199533,1.04e-05,1042.13268,3466.066853,0,"NM_002031","FRK","-",-12435,"NM_152729","NT5DC1","+",26464
"chr6",122651839,122653385,122652793,53,28,13,0,6.84e-09,5.19e-05,5194.229897,2.08e-05,2084.26536,3109.964537,0,"NM_001270394","PKIB","+",0,"NM_001319042","FABP7","+",95816
"chr6",126040573,126042863,126041236,46,12,26,0,1.82e-13,4.51e-05,4508.199533,8.93e-06,893.2565827,3614.94295,0,"NR_146799","TRMT11","+",0,"NM_001350589","TRMT11","+",-1300
"chr6",135210503,135212860,135211569,77,40,18,0,1.43e-12,7.55e-05,7546.334001,2.98e-05,2977.521942,4568.812058,0,"NR_134958","MYB","+",0,"NR_030317","MIR548A2","+",26300
"chr6",142374574,142375693,142375145,43,24,17,0,2.61e-06,4.21e-05,4214.18652,1.79e-05,1786.513165,2427.673354,0,"NM_001032395","ADGRG6","+",0,"NR_027311","LOC153910","-",150762
"chr7",17408194,17409125,17408663,39,21,15,0,3.68e-05,3.82e-05,3822.169169,1.56e-05,1563.19902,2258.970149,0,"NR_110014","KCCAT333","+",0,"NR_110013","LOC101927630","-",54320
"chr7",80883317,80884120,80883767,43,43,11,0,0.000732801,4.21e-05,4214.18652,3.2e-05,3200.836088,1013.350432,0,"NM_001350121","SEMA3C","-",0,"NM_001001548","CD36","+",-204041
"chr7",80942343,80943488,80943010,39,29,6,0,1.72e-05,3.82e-05,3822.169169,2.16e-05,2158.703408,1663.465761,0,"NM_001350120","SEMA3C","-",-19965,"NM_001350121","SEMA3C","-",-22993
"chr7",108201220,108202122,108201907,40,35,9,0,0.000325049,3.92e-05,3920.173507,2.61e-05,2605.3317,1314.841807,0,"NM_001193582","NRCAM","-",0,"NM_007356","LAMB4","-",-70865
"chr7",143632618,143633206,143632855,61,44,6,0,9.91e-05,5.98e-05,5978.264598,3.28e-05,3275.274137,2702.990461,0,"NM_001130025","TCAF2","+",0,"NR_110549","TCAF2P1","-",9048
"chr7",143711597,143712425,143712074,58,41,9,0,0.000210935,5.68e-05,5684.251585,3.05e-05,3051.959991,2632.291594,0,"NM_001130025","TCAF2","+",0,"NM_001130026","TCAF2","+",3421
"chr7",143824435,143825023,143824783,56,37,6,0,5.84e-05,5.49e-05,5488.24291,2.75e-05,2754.207797,2734.035113,0,"NR_015421","LOC154761","-",0,"NR_110549","TCAF2P1","+",-9047
"chr8",61781728,61783251,61782772,40,11,28,0,3.22e-10,3.92e-05,3920.173507,8.19e-06,818.8185342,3101.354973,0,"NR_039680","MIR4470","+",-66870,"NM_004318","ASPH","-",-67089
"chr8",66713241,66714777,66714071,66,46,12,0,2.34e-08,6.47e-05,6468.286286,3.42e-05,3424.150234,3044.136053,0,"NM_001204173","C8orf44-SGK3","+",0,"NM_019607","C8orf44","+",-32100
"chr8",88424766,88426214,88425556,44,16,12,0,1.85e-08,4.31e-05,4312.190858,1.19e-05,1191.008777,3121.182081,0,"NM_005941","MMP16","-",-97279,"NM_152418","DCAF4L2","-",-550699
"chr8",90691760,90693281,90692813,90,106,21,0,1.11e-07,8.82e-05,8820.39039,7.89e-05,7890.433148,929.9572429,0,"NM_001008495","TMEM64","-",-45856,"NR_104062","LINC01030","-",-85698
"chr8",90887323,90888715,90887716,55,74,14,0,0.000591737,5.39e-05,5390.238572,5.51e-05,5508.415594,-118.1770216,0,"NM_022351","NECAB1","+",0,"NM_001190972","C8orf88","-",69763
"chr8",99904498,99905705,99905250,55,25,11,0,1.95e-10,5.39e-05,5390.238572,1.86e-05,1860.951214,3529.287358,0,"NM_004374","COX6C","-",-10485,"NM_017890","VPS13B","+",-26913
"chr8",101466458,101467804,101467317,60,52,14,0,0.000252696,5.88e-05,5880.26026,3.87e-05,3870.778525,2009.481735,0,"NM_001330593","GRHL2","+",24635,"NM_024915","GRHL2","+",24636
"chr8",115194289,115195232,115194685.5,40,27,20,0,1.74e-06,3.92e-05,3920.173507,2.01e-05,2009.827311,1910.346196,0,"NM_001282902","TRPS1","-",213264,"NR_046215","LINC00536","-",755279
"chr8",115838280,115839082,115838506,50,31,8,0,6.96e-08,4.9e-05,4900.216884,2.31e-05,2307.579505,2592.637378,0,"NR_046215","LINC00536","-",111429,"NM_014112","TRPS1","-",-169253
"chr8",115987447,115988656,115987974,49,39,10,0,2.08e-05,4.8e-05,4802.212546,2.9e-05,2903.083894,1899.128652,0,"NR_046215","LINC00536","-",0,"NM_014112","TRPS1","-",-318420
"chr8",126496738,126498170,126497495,42,16,14,0,3.29e-07,4.12e-05,4116.182182,1.19e-05,1191.008777,2925.173405,0,"NM_174911","FAM84B","-",54268,"NR_125421","LOC101927657","+",-167206
"chr9",4865408,4866706,4866399,51,35,14,0,8.39e-05,5e-05,4998.221221,2.61e-05,2605.3317,2392.889522,0,"NM_001286700","RCL1","+",-4332,"NR_029836","MIR101-2","+",-15034
"chr9",42268532,42269181,42268903,40,24,8,0,3.77e-05,3.92e-05,3920.173507,1.79e-05,1786.513165,2133.660341,0,"NR_126166","FAM74A7","+",-62517,"NM_001145196","SPATA31A6","+",-78646
"chr9",69292814,69293804,69293200,39,15,10,0,0.000106359,3.82e-05,3822.169169,1.12e-05,1116.570728,2705.598441,0,"NR_047671","BANCR","-",2877,"NM_001127608","FAM189A2","+",30768
"chr9",77588757,77589959,77589280,50,29,6,0,3.3e-06,4.9e-05,4900.216884,2.16e-05,2158.703408,2741.513475,0,"NM_004297","GNA14","-",0,"NR_121184","GNA14-AS1","+",-61996
"chr9",88529776,88530543,88530192.5,72,50,7,0,2.93e-05,7.06e-05,7056.312312,3.72e-05,3721.902428,3334.409884,0,"NM_001161625","NXNL2","+",4558,"NM_006717","SPIN1","+",-51070
"chr9",108478587,108479738,108479259,44,19,12,0,3.19e-07,4.31e-05,4312.190858,1.41e-05,1414.322923,2897.867935,0,"NM_006686","ACTL7B","-",374851,"NM_006687","ACTL7A","+",382490
"chr9",111600692,111602243,111601867,42,22,16,0,2.87e-06,4.12e-05,4116.182182,1.64e-05,1637.637068,2478.545114,0,"NR_034087","LRRC37A5P","-",588,"NM_001146109","PTGR1","-",-838
"chr10",44172768,44174190,44173414,37,16,13,1.11e-16,7.89e-06,3.63e-05,3626.160494,1.19e-05,1191.008777,2435.151717,2.68e-12,"NM_001258000","C10orf142","+",118560,"NR_136147","LINC00841","+",-191504
"chr15",50854382,50854838,50854582,36,16,3,1.11e-16,1.12e-05,3.53e-05,3528.156156,1.19e-05,1191.008777,2337.147379,2.68e-12,"NM_001252127","AP4E1","+",53834,"NM_032802","SPPL2A","-",-88670
"chr17",61230384,61231501,61231110,45,26,7,1.11e-16,2.39e-05,4.41e-05,4410.195195,1.94e-05,1935.389263,2474.805933,2.68e-12,"NM_001353146","BCAS3","+",0,"NR_136397","LOC101927855","-",130167
"chr20",51446902,51447942,51447447,39,21,6,1.11e-16,0.000578621,3.82e-05,3822.169169,1.56e-05,1563.19902,2258.970149,2.68e-12,"NM_001258296","NFATC2","-",0,"NR_036162","MIR3194","-",4963
"chr3",13513460,13514940,13514553,37,20,6,1.11e-16,0.000287997,3.63e-05,3626.160494,1.49e-05,1488.760971,2137.399523,2.68e-12,"NM_024827","HDAC11","+",-7037,"NM_001330636","HDAC11","+",-7043
"chr3",64331056,64332408,64332125,44,25,10,1.11e-16,2.41e-05,4.31e-05,4312.190858,1.86e-05,1860.951214,2451.239644,2.68e-12,"NM_198859","PRICKLE2","-",-105602,"NR_046702","PRICKLE2-AS3","+",-129497
"chr4",158804544,158805912,158805597,37,8,13,1.11e-16,1.68e-09,3.63e-05,3626.160494,5.96e-06,595.5043885,3030.656105,2.68e-12,"NM_001346043","FNIP2","+",0,"NM_001323916","FNIP2","+",182
"chr6",52922656,52923115,52922882,36,17,4,1.11e-16,2.19e-05,3.53e-05,3528.156156,1.27e-05,1265.446826,2262.709331,2.68e-12,"NM_000847","GSTA3","-",-12959,"NM_001512","GSTA4","-",54833
"chr6",111600103,111601219,111600805,38,17,15,1.11e-16,2.1e-06,3.72e-05,3724.164832,1.27e-05,1265.446826,2458.718006,2.68e-12,"NR_034108","TRAF3IP2-AS1","+",0,"NR_034110","TRAF3IP2-AS1","+",-21924
"chr7",83676794,83677991,83677181,36,19,11,1.11e-16,1.56e-06,3.53e-05,3528.156156,1.41e-05,1414.322923,2113.833234,2.68e-12,"NM_012431","SEMA3E","-",-27632,"NM_001178129","SEMA3E","-",-35364
"chr9",13082809,13083891,13083122,37,23,11,1.11e-16,2.15e-05,3.63e-05,3626.160494,1.71e-05,1712.075117,1914.085377,2.68e-12,"NM_001261406","MPDZ","-",21813,"NR_132976","SNORD137","-",-110177
"chr9",94138702,94140173,94139834,38,22,13,1.11e-16,0.000178717,3.72e-05,3724.164832,1.64e-05,1637.637068,2086.527763,2.68e-12,"NM_177995","PTPDC1","+",-28847,"NR_029476","MIRLET7A1","+",35784
"chr1",46134772,46135932,46135347,36,15,9,2.22e-16,1.32e-05,3.53e-05,3528.156156,1.12e-05,1116.570728,2411.585428,5.19e-12,"NM_001328648","PIK3R3","-",0,"NM_001114172","PIK3R3","-",-1737
"chr17",58900128,58900984,58900616.5,40,29,7,2.22e-16,0.000584723,3.92e-05,3920.173507,2.16e-05,2158.703408,1761.470099,5.19e-12,"NM_014906","PPM1E","+",0,"NM_001320989","TRIM37","-",81655
"chr17",64073607,64075155,64074820,39,9,11,2.22e-16,1.04e-09,3.82e-05,3822.169169,6.7e-06,669.9424371,3152.226732,5.19e-12,"NM_001433","ERN1","-",0,"NM_001099786","ICAM2","-",-52974
"chr2",131668229,131669540,131668973,36,14,8,2.22e-16,2.46e-08,3.53e-05,3528.156156,1.04e-05,1042.13268,2486.023476,5.19e-12,"NR_108087","LINC01087","+",-18615,"NR_033885","POTEKP","+",-41801
"chr3",161266986,161268507,161267682,41,40,14,3.33e-16,8.84e-05,4.02e-05,4018.177845,2.98e-05,2977.521942,1040.655902,7.66e-12,"NM_001320227","NMD3","+",-13455,"NM_015938","NMD3","+",-14980
"chr5",137890098,137891347,137891124,36,9,12,3.33e-16,2.94e-08,3.53e-05,3528.156156,6.7e-06,669.9424371,2858.213719,7.66e-12,"NM_001258449","PKD2L2","+",0,"NM_006790","MYOT","+",-2248
"chr2",163856143,163857397,163857125,37,13,13,5.55e-16,1.96e-10,3.63e-05,3626.160494,9.68e-06,967.6946313,2658.465863,1.25e-11,"NM_001321825","FIGN","-",-120137,"NM_001303422","GRB14","-",635009
"chr5",61304473,61305127,61304754.5,35,4,8,5.55e-16,2.88e-12,3.43e-05,3430.151819,2.98e-06,297.7521942,3132.399624,1.25e-11,"NM_020928","ZSWIM6","+",27146,"NR_146624","LINC02057","-",-39545
"chr6",108947369,108948623,108947773,36,20,9,5.55e-16,0.000253882,3.53e-05,3528.156156,1.49e-05,1488.760971,2039.395185,1.25e-11,"NM_001286609","ARMC2","+",0,"NR_104137","ARMC2-AS1","-",-23267
"chr12",97499803,97501049,97500629,36,33,10,6.66e-16,2.37e-05,3.53e-05,3528.156156,2.46e-05,2456.455603,1071.700554,1.48e-11,"NR_024037","RMST","+",0,"NR_031653","MIR1251","+",-7826
"chr2",207632301,207633469,207633043,36,9,11,6.66e-16,2.78e-09,3.53e-05,3528.156156,6.7e-06,669.9424371,2858.213719,1.48e-11,"NM_001330133","METTL21A","-",-6249,"NM_001330135","METTL21A","-",-6924
"chr2",209368547,209369954,209369507,35,20,13,7.77e-16,0.000194673,3.43e-05,3430.151819,1.49e-05,1488.760971,1941.390847,1.71e-11,"NM_001039538","MAP2","+",54093,"NM_002374","MAP2","+",209725
"chr1",145739862,145740989,145740330,39,18,8,8.88e-16,2.65e-06,3.82e-05,3822.169169,1.34e-05,1339.884874,2482.284295,1.91e-11,"NM_007053","CD160","+",-575,"NM_014455","RNF115","-",5093
"chr2",74897254,74898345,74897930,36,22,10,8.88e-16,0.000660896,3.53e-05,3528.156156,1.64e-05,1637.637068,1890.519088,1.91e-11,"NM_000189","HK2","+",-3901,"NR_125792","LINC01291","+",10786
"chr5",42980920,42982061,42981394,37,23,16,8.88e-16,0.00014587,3.63e-05,3626.160494,1.71e-05,1712.075117,1914.085377,1.91e-11,"NR_104643","FLJ32255","-",3338,"NR_104651","LOC648987","-",32668
"chr19",10938928,10939974,10939692,35,11,5,9.99e-16,0.000281151,3.43e-05,3430.151819,8.19e-06,818.8185342,2611.333284,2.12e-11,"NM_138358","TIMM29","+",-8689,"NM_024029","YIPF2","-",-9917
"chr2",231576760,231577219,231576986,34,15,3,9.99e-16,7.92e-06,3.33e-05,3332.147481,1.12e-05,1116.570728,2215.576752,2.12e-11,"NM_152614","TEX44","+",15645,"NM_006056","NMUR1","-",-46290
"chr6",125584032,125585183,125584946,35,9,5,1.11e-15,9.49e-10,3.43e-05,3430.151819,6.7e-06,669.9424371,2760.209381,2.34e-11,"NR_038906","LINC02523","+",89170,"NM_012259","HEY2","+",164403
"chr1",149417595,149418924,149418403,45,27,12,1.22e-15,1.08e-06,4.41e-05,4410.195195,2.01e-05,2009.827311,2400.367884,2.56e-11,"NM_001351365","NBPF19","+",56974,"NM_001135789","PPIAL4C","+",164899
"chr2",161871686,161872874,161872210,35,25,10,1.44e-15,2.93e-06,3.43e-05,3430.151819,1.86e-05,1860.951214,1569.200604,2.98e-11,"NM_001178015","SLC4A10","+",0,"NM_001935","DPP4","-",119371
"chr9",114558149,114559248,114558470.5,35,19,8,1.44e-15,0.000335609,3.43e-05,3430.151819,1.41e-05,1414.322923,2015.828896,2.98e-11,"NM_004888","ATP6V1G1","+",28466,"NM_001330760","TMEM268","+",52072
"chr12",75943551,75944778,75944372,36,10,11,1.55e-15,9.86e-10,3.53e-05,3528.156156,7.44e-06,744.3804856,2783.775671,3.19e-11,"NM_007350","PHLDA1","-",80669,"NM_001330231","NAP1L1","-",99967
"chr11",63528493,63528926,63528723,34,6,4,1.89e-15,1.31e-09,3.33e-05,3332.147481,4.47e-06,446.6282914,2885.519189,3.85e-11,"NM_004585","RARRES3","+",7875,"NM_001142536","LGALS12","+",-11720
"chr1",207240702,207241777,207241391,34,10,5,2.22e-15,1.83e-07,3.33e-05,3332.147481,7.44e-06,744.3804856,2587.766995,4.5e-11,"NM_001300902","CD55","+",79695,"NM_000715","C4BPA","+",-95731
"chr2",38461928,38463018,38462406,35,10,7,2.33e-15,1.49e-07,3.43e-05,3430.151819,7.44e-06,744.3804856,2685.771333,4.69e-11,"NR_110259","LOC101929596","-",0,"NR_146454","LINC01883","+",-28356
"chr3",34011699,34012754,34012106,34,20,9,2.55e-15,0.000377881,3.33e-05,3332.147481,1.49e-05,1488.760971,1843.38651,5.1e-11,"NM_013374","PDCD6IP","+",-141993,"NM_001256192","PDCD6IP","+",-184436
"chr1",146201369,146202399,146201887,40,27,11,2.66e-15,0.000515579,3.92e-05,3920.173507,2.01e-05,2009.827311,1910.346196,5.29e-11,"NM_203458","NOTCH2NL","-",0,"NM_001039703","NBPF10","-",-56566
"chr12",56400883,56401342,56401113,34,13,4,2.89e-15,5.57e-06,3.33e-05,3332.147481,9.68e-06,967.6946313,2364.45285,5.69e-11,"NR_138471","TIMELESS","-",15031,"NM_001638","APOF","-",-38085
"chr4",73729823,73730841,73730559,34,6,19,3.44e-15,1.61e-10,3.33e-05,3332.147481,4.47e-06,446.6282914,2885.519189,6.74e-11,"NM_000584","CXCL8","+",9665,"NM_002993","CXCL6","+",105715
"chr17",60344695,60345600,60345133,48,26,12,3.55e-15,2.71e-06,4.7e-05,4704.208208,1.94e-05,1935.389263,2768.818946,6.92e-11,"NM_032582","USP32","-",0,"NM_181707","C17orf64","+",76904
"chr1",75376224,75377529,75377296,33,17,7,3.77e-15,0.000163857,3.23e-05,3234.143143,1.27e-05,1265.446826,1968.696318,7.3e-11,"NM_001130058","SLC44A5","-",0,"NM_001001933","LHX8","+",-214692
"chr3",140247329,140248170,140247840,33,4,5,4.88e-15,1.22e-10,3.23e-05,3234.143143,2.98e-06,297.7521942,2936.390949,9.39e-11,"NM_022131","CLSTN2","+",0,"NR_108084","CLSTN2-AS1","-",257448
"chr11",86705662,86706420,86706078,34,12,6,5e-15,2.7e-07,3.33e-05,3332.147481,8.93e-06,893.2565827,2438.890898,9.54e-11,"NM_001351934","ME3","-",-33027,"NM_006680","ME3","-",-33278
"chr13",33633382,33634530,33634116,35,31,9,5.11e-15,0.000509208,3.43e-05,3430.151819,2.31e-05,2307.579505,1122.572313,9.69e-11,"NM_001243476","STARD13","-",0,"NM_181558","RFC3","+",183539
"chr7",11261245,11262576,11261549,33,17,8,5.44e-15,1.71e-05,3.23e-05,3234.143143,1.27e-05,1265.446826,1968.696318,1.03e-10,"NR_033436","PHF14","+",-91623,"NM_015204","THSD7A","-",107859
"chr5",86284327,86285329,86285057,33,12,9,5.66e-15,3.98e-07,3.23e-05,3234.143143,8.93e-06,893.2565827,2340.88656,1.06e-10,"NR_003719","NBPF22P","+",0,"NM_001867","COX7C","+",332638
"chr9",105054528,105055173,105054833,34,8,9,6.22e-15,1.07e-08,3.33e-05,3332.147481,5.96e-06,595.5043885,2736.643092,1.16e-10,"NM_005502","ABCA1","-",-126283,"NM_001330731","SLC44A1","+",189432
"chr17",62950153,62950877,62950461,35,13,6,7.99e-15,2.8e-06,3.43e-05,3430.151819,9.68e-06,967.6946313,2462.457187,1.48e-10,"NR_030363","MIR633","+",-5842,"NM_025185","TANC2","+",58660
"chr6",26295423,26296855,26296406,35,9,9,8.77e-15,1.17e-11,3.43e-05,3430.151819,6.7e-06,669.9424371,2760.209381,1.61e-10,"NM_003543","HIST1H4H","-",-9925,"NM_003525","HIST1H2BI","+",-22012
"chr15",95246276,95247669,95247466,35,9,15,1.08e-14,2.61e-09,3.43e-05,3430.151819,6.7e-06,669.9424371,2760.209381,1.97e-10,"NR_034095","LINC01197","-",31621,"NR_027132","LINC00924","+",185424
"chr16",2846185,2847238,2847030,34,7,6,1.14e-14,5.51e-09,3.33e-05,3332.147481,5.21e-06,521.0663399,2811.081141,2.08e-10,"NR_026864","PRSS30P","-",-3435,"NM_022119","PRSS22","-",5489
"chr2",237501996,237503020,237502548,34,27,8,1.2e-14,0.000534964,3.33e-05,3332.147481,2.01e-05,2009.827311,1322.32017,2.17e-10,"NM_001281474","MLPH","+",0,"NR_106869","MIR6811","+",7911
"chr7",116316141,116317450,116317204,34,7,11,1.24e-14,1.72e-09,3.33e-05,3332.147481,5.21e-06,521.0663399,2811.081141,2.23e-10,"NR_130922","LOC102724434","-",-29415,"NR_130923","LOC102724434","-",-29478
"chr18",60053754,60054776,60054108,33,16,12,1.27e-14,0.000156907,3.23e-05,3234.143143,1.19e-05,1191.008777,2043.134366,2.26e-10,"NM_021127","PMAIP1","+",-149449,"NM_005912","MC4R","-",316555
"chr11",17238536,17239566,17238784,33,11,7,1.37e-14,1.69e-05,3.23e-05,3234.143143,8.19e-06,818.8185342,2415.324609,2.43e-10,"NM_001321380","PIK3C2A","-",-30541,"NM_001352663","NUCB2","+",37148
"chr21",25573420,25574429,25574037,33,11,17,1.5e-14,3.54e-05,3.23e-05,3234.143143,8.19e-06,818.8185342,2415.324609,2.65e-10,"NR_001458","MIR155HG","+",0,"NR_024092","LINC00515","-",8346
"chr12",75706046,75707228,75706317,33,15,6,1.93e-14,3.7e-06,3.23e-05,3234.143143,1.12e-05,1116.570728,2117.572415,3.39e-10,"NM_007043","KRR1","-",-194409,"NM_006851","GLIPR1","+",-204111
"chr8",90586884,90588108,90587682,40,29,18,1.99e-14,3.54e-07,3.92e-05,3920.173507,2.16e-05,2158.703408,1761.470099,3.47e-10,"NR_104062","LINC01030","-",4667,"NM_001008495","TMEM64","-",33887
"chr11",101033439,101034888,101034141,34,22,18,2.56e-14,4.17e-05,3.33e-05,3332.147481,1.64e-05,1637.637068,1694.510412,4.43e-10,"NM_001271162","PGR","-",0,"NM_032021","TMEM133","+",-39505
"chr4",74623996,74625284,74624927,35,29,12,2.56e-14,0.000729922,3.43e-05,3430.151819,2.16e-05,2158.703408,1271.44841,4.43e-10,"NM_001316963","BTC","-",119476,"NM_001657","AREG","+",-168988
"chr5",86302707,86303714,86303013,32,12,11,3e-14,1.09e-06,3.14e-05,3136.138806,8.93e-06,893.2565827,2242.882223,5.14e-10,"NR_003719","NBPF22P","+",-5161,"NM_001867","COX7C","+",314253
"chr15",73917888,73919250,73919035,33,14,9,3.06e-14,1.01e-05,3.23e-05,3234.143143,1.04e-05,1042.13268,2192.010463,5.23e-10,"NR_040066","LOXL1-AS1","-",0,"NM_005576","LOXL1","+",7208
"chr15",64521522,64522806,64522326,33,8,12,3.09e-14,4e-07,3.23e-05,3234.143143,5.96e-06,595.5043885,2638.638755,5.24e-10,"NM_015042","ZNF609","+",0,"NM_016213","TRIP4","+",-66220
"chrX",116285059,116286410,116285715,33,40,13,3.51e-14,0.000902456,3.23e-05,3234.143143,2.98e-05,2977.521942,256.6212007,5.92e-10,"NM_000686","AGTR2","+",-110088,"NM_007231","SLC6A14","+",150169
"chr7",7765129,7766567,7765520,35,17,18,3.95e-14,4.25e-06,3.43e-05,3430.151819,1.27e-05,1265.446826,2164.704993,6.63e-10,"NM_001302348","UMAD1","+",0,"NM_002947","RPA3","-",-46523
"chr8",123563440,123564034,123563806,33,4,6,4.45e-14,1.2e-09,3.23e-05,3234.143143,2.98e-06,297.7521942,2936.390949,7.43e-10,"NM_001242463","FBXO32","-",-22188,"NM_148177","FBXO32","-",-31298
"chr2",148244285,148245249,148244971,32,9,11,5.12e-14,2.26e-08,3.14e-05,3136.138806,6.7e-06,669.9424371,2466.196368,8.49e-10,"NM_018328","MBD5","+",0,"NM_181742","ORC4","-",-222682
"chr12",46208573,46209848,46209273,36,22,14,7.03e-14,2.43e-06,3.53e-05,3528.156156,1.64e-05,1637.637068,1890.519088,1.16e-09,"NM_001278389","SLC38A1","-",0,"NM_001307936","SLC38A2","-",148340
"chr3",113032073,113033466,113033228,32,18,9,7.38e-14,0.000717171,3.14e-05,3136.138806,1.34e-05,1339.884874,1796.253931,1.21e-09,"NM_001319110","NEPRO","-",-12341,"NM_015412","NEPRO","-",-12366
"chr8",101408817,101410175,101409715.5,38,26,10,8.45e-14,0.000183308,3.72e-05,3724.164832,1.94e-05,1935.389263,1788.775569,1.38e-09,"NR_002182","NACAP1","+",-39223,"NM_001330593","GRHL2","+",82264
"chr12",32540841,32542334,32542058,34,14,15,8.57e-14,1.41e-05,3.33e-05,3332.147481,1.04e-05,1042.13268,2290.014801,1.39e-09,"NM_001304481","FGD4","+",0,"NM_012063","DNM1L","+",136866
"chr6",16768951,16770117,16769322,33,11,11,8.94e-14,2.36e-06,3.23e-05,3234.143143,8.19e-06,818.8185342,2415.324609,1.44e-09,"NR_136240","LOC101928433","+",-2069,"NM_000332","ATXN1","-",-7462
"chr12",123445303,123446477,123445991,32,18,8,9e-14,0.000420648,3.14e-05,3136.138806,1.34e-05,1339.884874,1796.253931,1.45e-09,"NM_145058","RILPL2","-",-8571,"NM_022717","SNRNP35","+",11627
"chr3",12371246,12372461,12372061,33,12,9,9.64e-14,7.45e-06,3.23e-05,3234.143143,8.93e-06,893.2565827,2340.88656,1.54e-09,"NM_138712","PPARG","+",0,"NM_001145393","TSEN2","+",111971
"chr14",63671789,63673265,63672742,34,19,18,9.88e-14,0.000130527,3.33e-05,3332.147481,1.41e-05,1414.322923,1917.824558,1.57e-09,"NM_030791","SGPP1","-",10951,"NM_001008726","WDR89","-",-29867
"chr3",113024799,113025267,113025029,31,14,4,1.01e-13,0.000166377,3.04e-05,3038.134468,1.04e-05,1042.13268,1996.001788,1.6e-09,"NM_001319110","NEPRO","-",-5067,"NM_015412","NEPRO","-",-5092
"chr16",11127035,11128342,11127983,33,6,10,1.03e-13,5.95e-09,3.23e-05,3234.143143,4.47e-06,446.6282914,2787.514852,1.62e-09,"NM_015226","CLEC16A","+",0,"NM_001243403","CLEC16A","+",-692
"chr7",108350742,108351975,108351708,33,29,9,1.38e-13,0.000989651,3.23e-05,3234.143143,2.16e-05,2158.703408,1075.439735,2.17e-09,"NM_001193582","NRCAM","-",0,"NM_001037132","NRCAM","-",-110573
"chr8",108666568,108667713,108666986,32,15,13,1.43e-13,1.22e-05,3.14e-05,3136.138806,1.12e-05,1116.570728,2019.568077,2.22e-09,"NR_136411","TMEM74","-",0,"NM_153015","TMEM74","-",111263
"chr8",125606490,125606980,125606761,31,10,3,1.46e-13,1e-05,3.04e-05,3038.134468,7.44e-06,744.3804856,2293.753982,2.26e-09,"NM_025195","TRIB1","+",-168086,"NM_001349485","NSMCE2","+",-239366
"chr11",85029267,85030398,85030134,32,19,12,1.66e-13,3.18e-05,3.14e-05,3136.138806,1.41e-05,1414.322923,1721.815883,2.56e-09,"NM_001142699","DLG2","-",0,"NM_001300983","DLG2","-",-105847
"chr8",78643344,78644718,78644510,31,12,9,1.82e-13,9.48e-07,3.04e-05,3038.134468,8.93e-06,893.2565827,2144.877885,2.79e-09,"NM_016010","ZC2HC1A","+",21329,"NM_006823","PKIA","+",-38078
"chr2",111705490,111706514,111705913,31,3,6,1.83e-13,7.25e-11,3.04e-05,3038.134468,2.23e-06,223.3141457,2814.820322,2.8e-09,"NM_022662","ANAPC1","-",61123,"NR_039928","MIR4771-1","-",64547
"chr14",60861328,60862582,60861982,34,23,21,2.02e-13,0.000394079,3.33e-05,3332.147481,1.71e-05,1712.075117,1620.072364,3.07e-09,"NM_001177963","MNAT1","+",0,"NM_001350254","TRMT5","-",108867
"chr1",75382466,75382934,75382701,30,17,5,2.52e-13,0.000951857,2.94e-05,2940.13013,1.27e-05,1265.446826,1674.683305,3.81e-09,"NM_001130058","SLC44A5","-",0,"NM_001001933","LHX8","+",-220934
"chr15",80668937,80670232,80669976,31,13,6,2.58e-13,0.000150708,3.04e-05,3038.134468,9.68e-06,967.6946313,2070.439837,3.87e-09,"NM_021214","ABHD17C","+",25079,"NM_014862","ARNT2","+",-71002
"chr11",24446070,24446529,24446296,30,14,3,2.68e-13,3.33e-05,2.94e-05,2940.13013,1.04e-05,1042.13268,1897.99745,4.01e-09,"NM_001252008","LUZP2","+",50441,"NR_107021","MIR8054","-",-1026881
"chr3",189756544,189757778,189756827,32,12,9,2.7e-13,3.78e-06,3.14e-05,3136.138806,8.93e-06,893.2565827,2242.882223,4.02e-09,"NM_001329964","TP63","+",0,"NM_001329149","TP63","+",31882
"chr4",14855873,14856789,14856529,30,2,4,2.99e-13,1.81e-11,2.94e-05,2940.13013,1.49e-06,148.8760971,2791.254033,4.42e-09,"NR_126435","LINC00504","-",0,"NR_038857","CPEB2-AS1","-",53172
"chr12",64889459,64890280,64889768,31,13,5,3.04e-13,0.000111144,3.04e-05,3038.134468,9.68e-06,967.6946313,2070.439837,4.49e-09,"NR_033988","LINC02389","+",0,"NM_001330187","TBC1D30","+",-8442
"chr8",9099844,9100726,9100346,31,12,10,3.19e-13,1.4e-05,3.04e-05,3038.134468,8.93e-06,893.2565827,2144.877885,4.68e-09,"NM_024607","PPP1R3B","-",35528,"NR_145772","SNORD3I","-",-41215
"chr3",79871628,79872979,79872525,31,18,12,3.5e-13,0.000422659,3.04e-05,3038.134468,1.34e-05,1339.884874,1698.249594,5.11e-09,"NM_002941","ROBO1","-",-103720,"NR_037488","MIR3923","+",-363660
"chr1",149795397,149796244,149795943,34,18,6,4.43e-13,3.58e-06,3.33e-05,3332.147481,1.34e-05,1339.884874,1992.262607,6.43e-09,"NM_001161334","HIST2H2BF","-",0,"NM_000566","FCGR1A","+",-2880
"chr9",108594589,108595048,108594815,30,15,4,5.61e-13,0.000472279,2.94e-05,2940.13013,1.12e-05,1116.570728,1823.559402,8.12e-09,"NM_006686","ACTL7B","-",259541,"NM_006687","ACTL7A","+",267180
"chr20",47486850,47488146,47487619,42,14,7,5.68e-13,2.22e-08,4.12e-05,4116.182182,1.04e-05,1042.13268,3074.049502,8.18e-09,"NM_001174087","NCOA3","+",13711,"NR_146496","LINC01754","-",-74707
"chr11",129966160,129966839,129966519,30,3,7,6e-13,2.07e-10,2.94e-05,2940.13013,2.23e-06,223.3141457,2716.815984,8.6e-09,"NM_020228","PRDM10","-",0,"NM_199438","PRDM10","-",-18539
"chr21",40444127,40445600,40445380,33,28,8,7.01e-13,1.96e-05,3.23e-05,3234.143143,2.08e-05,2084.26536,1149.877783,9.99e-09,"NM_001271534","DSCAM","-",0,"NR_038900","DSCAM-AS1","+",-58770
"chr8",123527768,123529253,123528459,33,9,12,7.28e-13,3.6e-06,3.23e-05,3234.143143,6.7e-06,669.9424371,2564.200706,1.03e-08,"NM_148177","FBXO32","-",0,"NR_133926","WDYHV1","+",-79679
"chr4",101264144,101265416,101264866,32,20,14,7.43e-13,8.66e-05,3.14e-05,3136.138806,1.49e-05,1488.760971,1647.377834,1.05e-08,"NM_000944","PPP3CA","-",0,"NR_107033","MIR8066","-",-23273
"chr2",58010336,58011389,58010934,30,8,11,7.59e-13,6.72e-08,2.94e-05,2940.13013,5.96e-06,595.5043885,2344.625742,1.07e-08,"NM_001288837","VRK2","+",0,"NM_006296","VRK2","+",35253
"chr10",8084674,8085509,8084966,32,16,9,7.77e-13,4.01e-06,3.14e-05,3136.138806,1.19e-05,1191.008777,1945.130029,1.09e-08,"NM_001002295","GATA3","+",-9474,"NR_024256","GATA3-AS1","-",-31191
"chr9",94866708,94868061,94867245,32,11,10,8.7e-13,6.19e-07,3.14e-05,3136.138806,8.19e-06,818.8185342,2317.320271,1.21e-08,"NM_001193331","C9orf3","+",0,"NR_031755","MIR2278","+",-56652
"chr20",48294998,48295981,48295594,38,11,8,1.13e-12,3.64e-06,3.72e-05,3724.164832,8.19e-06,818.8185342,2905.346297,1.57e-08,"NR_026958","LINC00494","+",63930,"NR_110027","LINC01522","-",-304882
"chr20",51386843,51387807,51387489,33,14,9,1.15e-12,5.73e-05,3.23e-05,3234.143143,1.04e-05,1042.13268,2192.010463,1.59e-08,"NM_001258296","NFATC2","-",0,"NR_036162","MIR3194","-",65098
"chr5",103408361,103409523,103409224,30,16,11,1.41e-12,0.000283003,2.94e-05,2940.13013,1.19e-05,1191.008777,1749.121353,1.93e-08,"NR_104670","LINC02115","-",118911,"NM_033211","C5orf30","+",-129702
"chr6",51472085,51473277,51472587,31,9,18,1.48e-12,3.82e-05,3.04e-05,3038.134468,6.7e-06,669.9424371,2368.192031,2.03e-08,"NM_138694","PKHD1","-",142070,"NR_125840","LOC101927082","+",148593
"chr17",30700563,30701022,30700793,29,13,5,1.52e-12,1.14e-05,2.84e-05,2842.125792,9.68e-06,967.6946313,1874.431161,2.07e-08,"NR_024187","SUZ12P1","+",8586,"NR_015341","LOC107133515","+",-63098
"chr1",146191087,146192518,146191783,34,22,9,1.54e-12,0.000965184,3.33e-05,3332.147481,1.64e-05,1637.637068,1694.510412,2.09e-08,"NM_203458","NOTCH2NL","-",0,"NM_001039703","NBPF10","-",-46284
"chr18",62485349,62486193,62485910,29,9,5,1.64e-12,9.15e-07,2.84e-05,2842.125792,6.7e-06,669.9424371,2172.183355,2.21e-08,"NM_017742","ZCCHC2","+",37232,"NM_001278268","TNFRSF11A","+",-97640
"chr15",52012463,52013703,52013335,32,7,11,1.89e-12,3.95e-08,3.14e-05,3136.138806,5.21e-06,521.0663399,2615.072466,2.54e-08,"NM_002748","MAPK6","+",5511,"NM_001286430","LEO1","-",-40663
"chr7",134589057,134589904,134589662,29,8,4,1.9e-12,2.67e-05,2.84e-05,2842.125792,5.96e-06,595.5043885,2246.621404,2.54e-08,"NM_001080538","AKR1B15","+",-9218,"NM_020299","AKR1B10","+",-47644
"chr11",72164287,72164817,72164584,29,10,4,2.27e-12,0.000108753,2.84e-05,2842.125792,7.44e-06,744.3804856,2097.745307,3.01e-08,"NM_000804","FOLR3","+",-24396,"NM_016724","FOLR1","+",24741
"chr13",49570029,49570723,49570389,29,16,5,2.28e-12,0.00010716,2.84e-05,2842.125792,1.19e-05,1191.008777,1651.117015,3.01e-08,"NM_018191","RCBTB1","-",0,"NM_001320727","SETDB2-PHF11","+",-41039
"chr9",71928361,71929574,71929275,30,15,14,2.27e-12,0.000560238,2.94e-05,2940.13013,1.12e-05,1116.570728,1823.559402,3.01e-08,"NM_182505","C9orf85","+",0,"NM_016014","ABHD17B","-",-17117
"chr8",101450798,101452044,101451772,34,25,8,2.33e-12,0.000919617,3.33e-05,3332.147481,1.86e-05,1860.951214,1471.196267,3.06e-08,"NM_001330593","GRHL2","+",40395,"NM_024915","GRHL2","+",40396
"chr8",127869931,127871231,127870807,30,7,5,2.4e-12,2.02e-07,2.94e-05,2940.13013,5.21e-06,521.0663399,2419.06379,3.14e-08,"NR_003367","PVT1","+",0,"NR_031609","MIR1204","+",-73904
"chr1",145764999,145766455,145765911,38,16,16,2.45e-12,1.38e-06,3.72e-05,3724.164832,1.19e-05,1191.008777,2533.156055,3.19e-08,"NM_014455","RNF115","-",0,"NM_007053","CD160","+",-25712
"chr1",147538414,147539450,147538984,31,5,10,2.57e-12,2.08e-09,3.04e-05,3038.134468,3.72e-06,372.1902428,2665.944225,3.34e-08,"NM_004326","BCL9","+",2051,"NR_038423","LINC00624","-",-20540
"chr11",38970925,38972328,38972076.5,30,9,17,2.65e-12,6.37e-08,2.94e-05,2940.13013,6.7e-06,669.9424371,2270.187693,3.43e-08,"NR_120553","LINC01493","+",-315677,"NR_120555","LOC103312105","-",-324570
"chr15",92868864,92869927,92869658,30,12,6,2.71e-12,2.13e-07,2.94e-05,2940.13013,8.93e-06,893.2565827,2046.873547,3.49e-08,"NR_037601","LINC01578","+",12916,"NR_037602","LINC01578","+",13369
"chr15",64072612,64073121,64072847,29,4,7,2.74e-12,4.33e-09,2.84e-05,2842.125792,2.98e-06,297.7521942,2544.373598,3.51e-08,"NM_001014812","FAM96A","-",0,"NM_148955","SNX1","+",22763
"chr5",35176020,35176829,35176596,30,7,10,3.03e-12,3.21e-07,2.94e-05,2940.13013,5.21e-06,521.0663399,2419.06379,3.86e-08,"NM_000949","PRLR","-",0,"NM_001204316","PRLR","-",-57899
"chrY",13104344,13104812,13104574,28,6,5,3.23e-12,0.000130669,2.74e-05,2744.121455,4.47e-06,446.6282914,2297.493163,4.11e-08,"NR_047630","UTY","-",143567,"NM_001122665","DDX3Y","+",-183867
"chr14",61553557,61554175,61553953,29,3,4,3.26e-12,4.78e-10,2.84e-05,2842.125792,2.23e-06,223.3141457,2618.811647,4.13e-08,"NR_110417","LOC101927780","-",2097,"NM_006255","PRKCH","+",-2578
"chr12",51454809,51455277,51455039,29,15,6,3.36e-12,0.000420853,2.84e-05,2842.125792,1.12e-05,1116.570728,1725.555064,4.23e-08,"NM_001267615","SLC4A8","+",0,"NR_047672","SLC4A8","+",-13631
"chr17",62819231,62820392,62820027,31,14,7,3.37e-12,0.000128725,3.04e-05,3038.134468,1.04e-05,1042.13268,1996.001788,4.23e-08,"NR_135634","LOC101927877","+",0,"NM_152598","Mar-10","-",-10851
"chr20",47173853,47174980,47174645,35,20,5,3.39e-12,0.000641272,3.43e-05,3430.151819,1.49e-05,1488.760971,1941.390847,4.24e-08,"NM_005244","EYA2","+",0,"NR_037410","MIR3616","+",-6796
"chr12",75990002,75991110,75990535,30,16,9,3.54e-12,7.2e-05,2.94e-05,2940.13013,1.19e-05,1191.008777,1749.121353,4.41e-08,"NM_007350","PHLDA1","-",34337,"NM_001330231","NAP1L1","-",53635
"chr8",99705904,99706993,99706741,30,15,11,3.69e-12,2.17e-05,2.94e-05,2940.13013,1.12e-05,1116.570728,1823.559402,4.58e-08,"NM_017890","VPS13B","+",0,"NR_030596","MIR875","-",-169044
"chr10",52435487,52436425,52435824,30,26,12,3.86e-12,0.000604996,2.94e-05,2940.13013,1.94e-05,1935.389263,1004.740868,4.77e-08,"NR_120641","LINC01468","-",14452,"NM_012242","DKK1","+",-117831
"chr20",42190407,42191190,42190898,29,10,9,3.92e-12,1.62e-05,2.84e-05,2842.125792,7.44e-06,744.3804856,2097.745307,4.83e-08,"NM_007050","PTPRT","-",0,"NR_110004","LOC101927159","+",494293
"chr10",338280,339636,339244,29,15,5,4.06e-12,0.000216973,2.84e-05,2842.125792,1.12e-05,1116.570728,1725.555064,4.96e-08,"NM_014974","DIP2C","-",0,"NR_106988","MIR7641-2","-",-56195
"chr14",77111104,77111808,77111408,30,8,6,4.06e-12,5.34e-06,2.94e-05,2940.13013,5.96e-06,595.5043885,2344.625742,4.96e-08,"NM_033426","CIPC","+",0,"NM_174976","ZDHHC22","-",19462
"chr12",33586796,33588353,33587735,30,20,12,4.11e-12,0.000124845,2.94e-05,2940.13013,1.49e-05,1488.760971,1451.369159,4.99e-08,"NM_198992","SYT10","-",-146978,"NM_032834","ALG10","+",433928
"chr1",147668899,147669785,147669492,30,11,7,4.21e-12,1.3e-05,2.94e-05,2940.13013,8.19e-06,818.8185342,2121.311596,5.1e-08,"NM_016361","ACP6","-",0,"NM_004326","BCL9","+",-42681
"chr13",51523339,51524604,51524334,30,7,14,4.25e-12,2.73e-07,2.94e-05,2940.13013,5.21e-06,521.0663399,2419.06379,5.12e-08,"NR_039852","MIR4703","+",27985,"NM_052950","WDFY2","+",59744
"chr6",138555219,138556231,138555817,30,9,10,4.34e-12,2.89e-06,2.94e-05,2940.13013,6.7e-06,669.9424371,2270.187693,5.21e-08,"NM_020464","NHSL1","-",0,"NM_001144060","NHSL1","-",-55778
"chr4",152264,152723,152494,28,14,4,4.41e-12,0.000129201,2.74e-05,2744.121455,1.04e-05,1042.13268,1701.988775,5.25e-08,"NM_001039127","ZNF718","+",0,"NR_027481","ZNF876P","+",59877
"chr5",67248830,67249620,67249170,29,10,6,4.4e-12,1.35e-07,2.84e-05,2842.125792,7.44e-06,744.3804856,2097.745307,5.25e-08,"NM_005582","CD180","-",-52042,"NM_001164664","MAST4","+",-79236
"chr6",87705330,87706854,87706530,30,11,13,4.65e-12,2.03e-05,2.94e-05,2940.13013,8.19e-06,818.8185342,2121.311596,5.5e-08,"NM_018064","AKIRIN2","-",-3064,"NM_181837","ORC3","+",-37877
"chr7",135519961,135521056,135520840,29,2,8,4.63e-12,8.74e-11,2.84e-05,2842.125792,1.49e-06,148.8760971,2693.249695,5.5e-08,"NM_001190849","CNOT4","-",-9835,"NM_001329434","NUP205","+",36858
"chr5",90221440,90222430,90222173,29,15,11,4.9e-12,0.000596491,2.84e-05,2842.125792,1.12e-05,1116.570728,1725.555064,5.77e-08,"NR_120601","LINC01339","-",0,"NM_001297765","CETN3","-",170905
"chr16",68635836,68636740,68636315,29,12,6,5.09e-12,0.000289505,2.84e-05,2842.125792,8.93e-06,893.2565827,1948.86921,5.96e-08,"NM_001317195","CDH3","+",8096,"NM_001305204","ZFP90","+",-59765
"chr2",191215153,191216474,191215664,31,17,17,5.14e-12,0.000151394,3.04e-05,3038.134468,1.27e-05,1265.446826,1772.687642,6e-08,"NM_001130158","MYO1B","+",28802,"NM_001243835","STAT4","-",-63558
"chr2",207036800,207037268,207037035,28,16,4,5.73e-12,0.000369353,2.74e-05,2744.121455,1.19e-05,1191.008777,1553.112678,6.67e-08,"NM_001270942","KLF7","-",36870,"NM_173077","CPO","+",-67327
"chr12",29932576,29933044,29932806,28,4,7,5.95e-12,1.71e-08,2.74e-05,2744.121455,2.98e-06,297.7521942,2446.369261,6.87e-08,"NM_175861","TMTC1","-",-147818,"NM_001193451","TMTC1","-",-148767
"chr20",56935796,56936989,56936706,35,18,8,5.93e-12,0.000526035,3.43e-05,3430.151819,1.34e-05,1339.884874,2090.266944,6.87e-08,"NM_001719","BMP7","-",231764,"NR_110631","BMP7-AS1","+",276707
"chr3",168877667,168878512,168877946,29,14,11,6.23e-12,0.000717324,2.84e-05,2842.125792,1.04e-05,1042.13268,1799.993113,7.17e-08,"NR_109989","LINC02082","+",23433,"NR_021485","EGFEM1P","+",-47082
"chr10",3783523,3784215,3783967,30,14,8,6.33e-12,0.000311529,2.94e-05,2940.13013,1.04e-05,1042.13268,1897.99745,7.26e-08,"NM_001160124","KLF6","-",0,"NR_131187","LOC105376360","+",-32761
"chr3",107985456,107986863,107986646,29,13,9,7.7e-12,9.23e-05,2.84e-05,2842.125792,9.68e-06,967.6946313,1874.431161,8.79e-08,"NM_001777","CD47","-",56231,"NR_015394","LINC00636","+",-56551
"chr6",128598716,128599788,128599194,29,18,12,8.64e-12,0.000832127,2.84e-05,2842.125792,1.34e-05,1339.884874,1502.240918,9.83e-08,"NM_001291981","PTPRK","-",-78043,"NM_000426","LAMA2","+",283353
"chr2",190786529,190787358,190786940,28,3,4,8.73e-12,1.43e-09,2.74e-05,2744.121455,2.23e-06,223.3141457,2520.807309,9.86e-08,"NM_001256310","GLS","+",93463,"NM_001321313","NAB1","+",-93764
"chr7",31540395,31541127,31540924,28,12,10,8.7e-12,0.000109461,2.74e-05,2744.121455,8.93e-06,893.2565827,1850.864872,9.86e-08,"NM_001257967","CCDC129","+",0,"NM_194300","CCDC129","+",11875
"chr20",10076013,10076960,10076715,28,5,8,8.97e-12,3.73e-08,2.74e-05,2744.121455,3.72e-06,372.1902428,2371.931212,1.01e-07,"NR_040710","SNAP25-AS1","-",0,"NM_001303472","ANKEF1","+",-19252
"chr5",37661401,37662588,37662246,29,11,12,9.49e-12,3.95e-05,2.84e-05,2842.125792,8.19e-06,818.8185342,2023.307258,1.06e-07,"NM_018034","WDR70","+",0,"NM_001278098","GDNF","-",150089
"chr1",115714156,115714906,115714492,28,13,3,1.07e-11,0.000981757,2.74e-05,2744.121455,9.68e-06,967.6946313,1776.426824,1.19e-07,"NM_001232","CASQ2","-",0,"NM_001172411","VANGL1","+",-15933
"chr12",79082734,79083801,79083559,29,19,13,1.2e-11,0.000628529,2.84e-05,2842.125792,1.41e-05,1414.322923,1427.80287,1.34e-07,"NM_001135805","SYT1","+",0,"NR_031700","MIR1252","+",335456
"chr6",36557729,36558475,36557973,28,10,4,1.22e-11,0.000108753,2.74e-05,2744.121455,7.44e-06,744.3804856,1999.740969,1.35e-07,"NM_007271","STK38","-",-10214,"NR_036610","SRSF3","+",35838
"chr10",3330694,3331276,3330894,28,6,4,1.47e-11,2.94e-07,2.74e-05,2744.121455,4.47e-06,446.6282914,2297.493163,1.63e-07,"NR_131187","LOC105376360","+",0,"NM_014889","PITRM1","-",-157854
"chr10",8365644,8366665,8366160,32,22,12,1.51e-11,8.74e-05,3.14e-05,3136.138806,1.64e-05,1637.637068,1498.501737,1.66e-07,"NR_108058","LINC00708","-",-97340,"NR_134492","LOC105376398","-",206082
"chr3",130970659,130971716,130971495.5,28,0,13,1.55e-11,2.96e-12,2.74e-05,2744.121455,0,0,2744.121455,1.7e-07,"NM_001199182","ATP2C1","+",0,"NM_001288950","ASTE1","-",42157
"chr13",33344659,33346131,33345708,30,12,11,1.58e-11,4.12e-07,2.94e-05,2940.13013,8.93e-06,893.2565827,2046.873547,1.73e-07,"NM_001243476","STARD13","-",0,"NR_146541","LINC02344","-",-9394
"chr17",50950089,50951335,50950816,28,11,4,1.64e-11,0.000105371,2.74e-05,2744.121455,8.19e-06,818.8185342,1925.302921,1.78e-07,"NM_003971","SPAG9","-",10839,"NR_038458","TOB1-AS1","+",-81719
"chr18",9898349,9899501,9899134,29,6,12,1.68e-11,9.69e-08,2.84e-05,2842.125792,4.47e-06,446.6282914,2395.497501,1.82e-07,"NM_032243","TXNDC2","+",-10191,"NM_003574","VAPA","+",14457
"chr3",102113172,102114456,102113725,29,15,13,1.76e-11,0.00029583,2.84e-05,2842.125792,1.12e-05,1116.570728,1725.555064,1.9e-07,"NR_135549","LOC101929411","+",49249,"NR_026934","LINC02085","+",-115247
"chr5",15008168,15009640,15008892,29,13,17,1.76e-11,0.00055625,2.84e-05,2842.125792,9.68e-06,967.6946313,1874.431161,1.9e-07,"NM_054027","ANKH","-",-136391,"NR_109944","LINC02149","-",182006
"chr16",8678686,8679840,8679110,28,4,10,1.81e-11,2.57e-05,2.74e-05,2744.121455,2.98e-06,297.7521942,2446.369261,1.94e-07,"NM_020686","ABAT","+",0,"NM_024109","METTL22","+",-32465
"chr20",47204101,47205125,47204301,31,12,3,1.81e-11,1.79e-05,3.04e-05,3038.134468,8.93e-06,893.2565827,2144.877885,1.94e-07,"NM_001281777","ZMYND8","-",4089,"NM_005244","EYA2","+",-15258
"chr1",182967977,182969450,182968974,30,6,13,1.87e-11,2.06e-06,2.94e-05,2940.13013,4.47e-06,446.6282914,2493.501839,1.98e-07,"NM_001345928","SHCBP1L","-",-14453,"NM_002293","LAMC1","+",54010
"chr8",101610458,101611438,101610958,31,22,7,1.86e-11,0.000689629,3.04e-05,3038.134468,1.64e-05,1637.637068,1400.497399,1.98e-07,"NM_001330593","GRHL2","+",0,"NM_001040625","NCALD","-",75104
"chr17",48499175,48500603,48500193,28,10,10,1.92e-11,3.55e-06,2.74e-05,2744.121455,7.44e-06,744.3804856,1999.740969,2.03e-07,"NM_002144","HOXB1","-",28842,"NR_110804","LOC101927166","+",-33136
"chr8",124137718,124138965,124138451,29,13,7,2.02e-11,0.000808536,2.84e-05,2842.125792,9.68e-06,967.6946313,1874.431161,2.13e-07,"NR_103547","FER1L6-AS2","-",0,"NM_001039112","FER1L6","+",-17658
"chr10",84401185,84402183,84401761,28,5,13,2.11e-11,2.99e-06,2.74e-05,2744.121455,3.72e-06,372.1902428,2371.931212,2.22e-07,"NM_001284240","CCSER2","+",0,"NM_001284243","CCSER2","+",22756
"chr3",66740297,66741150,66740683,27,10,4,2.2e-11,0.000166326,2.65e-05,2646.117117,7.44e-06,744.3804856,1901.736632,2.3e-07,"NR_135533","LOC105377143","-",-1962,"NM_015541","LRIG1","-",-239877
"chr12",32182707,32183840,32183606.5,28,9,7,2.22e-11,2.18e-05,2.74e-05,2744.121455,6.7e-06,669.9424371,2074.179018,2.32e-07,"NM_001003398","BICD1","+",0,"NM_018169","KIAA1551","+",-189601
"chr14",68190864,68192280,68191735,36,13,19,2.32e-11,5.06e-07,3.53e-05,3528.156156,9.68e-06,967.6946313,2560.461525,2.41e-07,"NM_001321819","RAD51B","+",0,"NM_015346","ZFYVE26","-",-374276
"chr2",101395759,101396889,101396609,28,10,9,2.45e-11,3.41e-05,2.74e-05,2744.121455,7.44e-06,744.3804856,1999.740969,2.54e-07,"NM_001145664","RFX8","-",472,"NM_153836","CREG2","-",-8257
"chr6",154167461,154168189,154167755,27,11,5,2.52e-11,5.81e-05,2.65e-05,2646.117117,8.19e-06,818.8185342,1827.298583,2.6e-07,"NM_001008503","OPRM1","+",0,"NM_001145279","OPRM1","+",-35108
"chr12",91387811,91389114,91388752,28,13,12,2.55e-11,0.000475551,2.74e-05,2744.121455,9.68e-06,967.6946313,1776.426824,2.61e-07,"NM_001920","DCN","-",-204688,"NM_133503","DCN","-",-208194
"chr2",9167636,9169018,9168387.5,28,15,9,2.55e-11,0.000200926,2.74e-05,2744.121455,1.12e-05,1116.570728,1627.550726,2.61e-07,"NM_001135191","ASAP2","+",37747,"NR_135598","MBOAT2","-",-163887
"chr11",47945982,47947262,47946961.5,28,11,10,2.7e-11,0.000109947,2.74e-05,2744.121455,8.19e-06,818.8185342,1925.302921,2.76e-07,"NM_001098503","PTPRJ","+",33296,"NM_015231","NUP160","-",-97439
"chr2",161159210,161160055,161159605,28,8,10,2.71e-11,2.11e-07,2.74e-05,2744.121455,5.96e-06,595.5043885,2148.617066,2.76e-07,"NM_133484","TANK","+",0,"NM_001199135","TANK","+",373
"chr15",96230123,96231322,96230823,30,27,11,2.83e-11,0.000833945,2.94e-05,2940.13013,2.01e-05,2009.827311,930.302819,2.87e-07,"NR_125738","NR2F2-AS1","-",0,"NR_102743","NR2F2-AS1","-",35064
"chr9",14330858,14331744,14331204,28,4,11,2.98e-11,1.32e-08,2.74e-05,2744.121455,2.98e-06,297.7521942,2446.369261,3.02e-07,"NM_001190738","NFIB","-",0,"NM_001190737","NFIB","-",-16813
"chr4",163447699,163448844,163448578,27,13,8,3.02e-11,0.000103678,2.65e-05,2646.117117,9.68e-06,967.6946313,1678.422486,3.05e-07,"NM_032136","TKTL2","-",22251,"NM_018352","TMA16","+",45677
"chr6",122568711,122569527,122569324,27,4,4,3.09e-11,6.19e-09,2.65e-05,2646.117117,2.98e-06,297.7521942,2348.364923,3.11e-07,"NM_001270394","PKIB","+",0,"NM_032471","PKIB","+",40705
"chr9",125460195,125461309,125461106,28,4,6,3.28e-11,3.68e-09,2.74e-05,2744.121455,2.98e-06,297.7521942,2446.369261,3.28e-07,"NM_024117","MAPKAP1","-",0,"NM_001006618","MAPKAP1","-",60160
"chr8",8289353,8290798,8290235,28,11,14,3.32e-11,0.000535616,2.74e-05,2744.121455,8.19e-06,818.8185342,1925.302921,3.32e-07,"NM_001080826","PRAG1","-",26938,"NR_024361","FAM86B3P","+",-44489
"chr14",76904896,76905615,76905258,28,7,5,3.53e-11,7.91e-06,2.74e-05,2744.121455,5.21e-06,521.0663399,2223.055115,3.52e-07,"NM_194287","LRRC74A","+",-34595,"NR_133913","LINC01629","+",54023
"chr9",86093524,86094712,86094283,28,12,15,3.71e-11,4.34e-05,2.74e-05,2744.121455,8.93e-06,893.2565827,1850.864872,3.69e-07,"NM_016548","GOLM1","-",0,"NR_110996","LOC101927623","+",32828
"chr4",99561078,99561901,99561350,27,2,8,3.84e-11,9.79e-10,2.65e-05,2646.117117,1.49e-06,148.8760971,2497.24102,3.8e-07,"NM_152292","TRMT10A","-",0,"NM_000253","MTTP","+",2177
"chr10",17445202,17446634,17446077,27,12,7,3.93e-11,0.000513568,2.65e-05,2646.117117,8.93e-06,893.2565827,1752.860534,3.88e-07,"NR_144322","ST8SIA6","-",0,"NR_034129","ST8SIA6-AS1","+",-36917
"chr1",108234545,108235501,108234986,30,20,8,4.03e-11,6.02e-05,2.94e-05,2940.13013,1.49e-05,1488.760971,1451.369159,3.96e-07,"NM_001143989","NBPF4","-",0,"NM_013386","SLC25A24","-",-34188
"chr3",185562643,185563529,185563300,27,9,6,4.3e-11,9.1e-06,2.65e-05,2646.117117,6.7e-06,669.9424371,1976.17468,4.21e-07,"NM_139248","LIPH","-",-10063,"NM_021627","SENP2","+",22714
"chr11",78150627,78151407,78151052,27,12,6,4.53e-11,0.000175432,2.65e-05,2646.117117,8.93e-06,893.2565827,1752.860534,4.43e-07,"NR_102280","KCTD21-AS1","+",0,"NM_001007027","ALG8","-",-10975
"chr10",96863482,96864253,96863692,27,12,7,4.62e-11,0.000123681,2.65e-05,2646.117117,8.93e-06,893.2565827,1752.860534,4.5e-07,"NM_001170765","LCOR","+",0,"NR_135921","LOC102723665","-",-31025
"chr7",102992716,102993514,102993260,27,5,7,4.91e-11,7.68e-08,2.65e-05,2646.117117,3.72e-06,372.1902428,2273.926874,4.77e-07,"NR_105043","FBXL13","-",0,"NM_001085386","NFE4","+",-14050
"chr12",118105961,118106846,118106217,27,12,6,5.36e-11,0.00040109,2.65e-05,2646.117117,8.93e-06,893.2565827,1752.860534,5.19e-07,"NM_019086","VSIG10","-",-1957,"NM_002567","PEBP1","+",29038
"chrX",37911792,37912552,37912328,27,6,11,5.51e-11,1.01e-07,2.65e-05,2646.117117,4.47e-06,446.6282914,2199.488826,5.31e-07,"NM_006520","DYNLT3","-",-64157,"NM_012274","HYPM","+",78265
"chr10",9036292,9037696,9037146,37,35,24,5.55e-11,4.9e-06,3.63e-05,3626.160494,2.61e-05,2605.3317,1020.828794,5.34e-07,"NR_131944","LOC105755953","+",-121697,"NR_120635","LOC101928272","-",159670
"chr18",3595195,3596675,3596175,28,10,10,5.59e-11,9.41e-06,2.74e-05,2744.121455,7.44e-06,744.3804856,1999.740969,5.35e-07,"NM_001003809","DLGAP1","-",0,"NR_119377","DLGAP1-AS2","+",7062
"chr4",72129746,72130205,72129976,26,8,4,5.73e-11,3.59e-06,2.55e-05,2548.112779,5.96e-06,595.5043885,1952.608391,5.48e-07,"NM_004885","NPFFR2","+",0,"NM_014243","ADAMTS3","-",150764
"chr7",116710501,116711573,116711088,30,13,17,5.9e-11,0.000201414,2.94e-05,2940.13013,9.68e-06,967.6946313,1972.435499,5.62e-07,"NM_001324402","MET","+",0,"NR_120506","LINC01510","-",-95682
"chr22",24210983,24211879,24211641,27,5,7,6.21e-11,9.03e-05,2.65e-05,2646.117117,3.72e-06,372.1902428,2273.926874,5.9e-07,"NM_001099782","GGT5","-",7775,"NM_019601","SUSD2","+",-21878
"chr4",48800941,48802340,48801951,28,8,20,6.35e-11,6.02e-07,2.74e-05,2744.121455,5.96e-06,595.5043885,2148.617066,6.01e-07,"NM_015030","FRYL","-",-20643,"NM_001079840","OCIAD1","+",28703
"chr4",87520907,87522314,87522103,28,10,12,6.48e-11,8.53e-07,2.74e-05,2744.121455,7.44e-06,744.3804856,1999.740969,6.11e-07,"NM_001128310","SPARCL1","-",0,"NM_001248011","NUDT9","+",-61454
"chr17",47521019,47521989,47521437,27,8,8,6.64e-11,3.02e-06,2.65e-05,2646.117117,5.96e-06,595.5043885,2050.612729,6.24e-07,"NM_001330257","NPEPPS","+",968,"NM_006310","NPEPPS","+",9089
"chr5",19884932,19885525,19885258,28,6,10,6.88e-11,1.37e-08,2.74e-05,2744.121455,4.47e-06,446.6282914,2297.493163,6.45e-07,"NM_001349559","CDH18","-",0,"NR_146519","CDH18-AS1","+",420026
"chrX",8138817,8140032,8139154,27,10,22,7.17e-11,8.78e-05,2.65e-05,2646.117117,7.44e-06,744.3804856,1901.736632,6.7e-07,"NR_030380","MIR651","+",-11757,"NM_016378","VCX2","-",29912
"chr18",23684290,23685085,23684782,27,6,9,7.2e-11,1.11e-06,2.65e-05,2646.117117,4.47e-06,446.6282914,2199.488826,6.71e-07,"NM_198129","LAMA3","+",4358,"NM_173505","ANKRD29","-",-21406
"chr10",62381412,62382241,62381687,27,4,6,7.26e-11,5.86e-09,2.65e-05,2646.117117,2.98e-06,297.7521942,2348.364923,6.75e-07,"NM_014951","ZNF365","+",0,"NR_104162","LOC283045","-",-6286
"chr6",44203826,44205041,44204296,27,8,7,7.33e-11,0.000247669,2.65e-05,2646.117117,5.96e-06,595.5043885,2050.612729,6.79e-07,"NM_001315494","MYMX","+",11898,"NM_001347931","MYMX","+",11921
"chr6",78858772,78859231,78858998,26,9,5,7.63e-11,3.58e-06,2.55e-05,2548.112779,6.7e-06,669.9424371,1878.170342,7.04e-07,"NM_001010844","IRAK1BP1","+",8313,"NM_017934","PHIP","-",75188
"chr5",132371076,132371574,132371276,26,8,3,7.73e-11,5.12e-06,2.55e-05,2548.112779,5.96e-06,595.5043885,1952.608391,7.11e-07,"NM_001308122","SLC22A5","+",0,"NR_110997","MIR3936HG","-",-1161
"chr7",23039831,23040299,23040066,26,14,5,7.91e-11,0.000611688,2.55e-05,2548.112779,1.04e-05,1042.13268,1505.9801,7.25e-07,"NM_032581","FAM126A","-",-25681,"NR_046220","KLHL7-AS1","-",60929
"chr1",187312725,187313709,187313355,27,6,14,8.52e-11,2.68e-07,2.65e-05,2646.117117,4.47e-06,446.6282914,2199.488826,7.8e-07,"NR_126347","LINC01036","+",0,"NR_132374","LINC01037","+",129919
"chr10",29163208,29164759,29164370,29,13,11,9.02e-11,0.000118902,2.84e-05,2842.125792,9.68e-06,967.6946313,1874.431161,8.23e-07,"NM_032517","LYZL1","+",124302,"NR_110920","SVIL-AS1","+",244775
"chr20",47598805,47600173,47599702,48,26,12,9.55e-11,3.34e-05,4.7e-05,4704.208208,1.94e-05,1935.389263,2768.818946,8.69e-07,"NM_001174087","NCOA3","+",0,"NM_198596","SULF2","-",57233
"chr18",9704400,9705776,9705180,28,12,14,9.65e-11,0.000165358,2.74e-05,2744.121455,8.93e-06,893.2565827,1850.864872,8.75e-07,"NM_006868","RAB31","+",2455,"NR_110773","PPP4R1-AS1","+",-85038
"chr5",29906192,29906913,29906463,27,14,11,9.81e-11,4.91e-06,2.65e-05,2646.117117,1.04e-05,1042.13268,1603.984437,8.87e-07,"NR_134264","LOC105374704","+",-24090,"NR_104628","LINC02064","-",-510217
"chr11",66124359,66125316,66124772,28,4,8,1.03e-10,2.15e-08,2.74e-05,2744.121455,2.98e-06,297.7521942,2446.369261,9.27e-07,"NM_018026","PACS1","+",0,"NM_006842","SF3B2","+",-55449
"chr3",146097343,146097837,146097552,26,15,5,1.05e-10,0.000746077,2.55e-05,2548.112779,1.12e-05,1116.570728,1431.542051,9.4e-07,"NM_000935","PLOD2","-",0,"NR_146297","LNCSRLR","-",-28159
"chr1",120750569,120751603,120751157,32,22,10,1.06e-10,0.000609645,3.14e-05,3136.138806,1.64e-05,1637.637068,1498.501737,9.52e-07,"NM_001351372","NBPF26","+",53953,"NR_144516","LOC100996724","-",-85134
"chr14",103880025,103880574,103880232,26,3,3,1.09e-10,9.03e-07,2.55e-05,2548.112779,2.23e-06,223.3141457,2324.798634,9.71e-07,"NR_038436","LINC00637","+",-21977,"NM_001127393","C14orf2","-",31714
"chr12",99959388,99960334,99959879,27,14,15,1.17e-10,0.00061325,2.65e-05,2646.117117,1.04e-05,1042.13268,1603.984437,1.04e-06,"NM_152788","ANKS1B","-",0,"NM_015054","UHRF1BP1L","-",76751
"chr15",65226637,65227787,65227294,26,13,6,1.21e-10,0.000280205,2.55e-05,2548.112779,9.68e-06,967.6946313,1580.418148,1.08e-06,"NM_003613","CILP","-",-15136,"NM_001316943","PARP16","-",30307
"chr21",22536497,22537132,22536827,26,7,7,1.22e-10,3.94e-06,2.55e-05,2548.112779,5.21e-06,521.0663399,2027.04644,1.08e-06,"NR_038400","LINC00308","+",-419970,"NR_109959","LINC01687","-",-438039
"chr9",91418141,91419708,91419119,29,11,19,1.28e-10,5.29e-05,2.84e-05,2842.125792,8.19e-06,818.8185342,2023.307258,1.13e-06,"NM_001290000","NFIL3","-",0,"NM_001351433","AUH","-",-56173
"chr10",1268440,1269023,1268738,26,0,7,1.29e-10,4.46e-11,2.55e-05,2548.112779,0,0,2548.112779,1.14e-06,"NM_018702","ADARB2","-",0,"NR_015376","LINC00200","+",-103769
"chr3",132317046,132318138,132317605,26,12,8,1.46e-10,6.26e-05,2.55e-05,2548.112779,8.93e-06,893.2565827,1654.856197,1.28e-06,"NM_001099","ACPP","+",0,"NM_001329126","DNAJC13","+",99522
"chr2",105455188,105456220,105455437,26,6,7,1.48e-10,2.36e-06,2.55e-05,2548.112779,4.47e-06,446.6282914,2101.484488,1.29e-06,"NM_201557","FHL2","-",-16416,"NM_001318894","FHL2","-",-55522
"chr21",14876856,14878121,14877825,30,13,22,1.48e-10,9.89e-06,2.94e-05,2940.13013,9.68e-06,967.6946313,1972.435499,1.29e-06,"NR_146322","LINC02246","-",0,"NM_003489","NRIP1","-",83114
"chr2",74794453,74795568,74795330,27,14,9,1.52e-10,0.000732127,2.65e-05,2646.117117,1.04e-05,1042.13268,1603.984437,1.32e-06,"NM_000189","HK2","+",37087,"NM_004263","SEMA4F","+",-110600
"chr2",217652644,217653867,217653380,27,12,7,1.51e-10,0.000185984,2.65e-05,2646.117117,8.93e-06,893.2565827,1752.860534,1.32e-06,"NR_026597","DIRC3","-",0,"NM_022648","TNS1","-",145922
"chr9",32603832,32604705,32604408,26,8,9,1.55e-10,1.08e-05,2.55e-05,2548.112779,5.96e-06,595.5043885,1952.608391,1.34e-06,"NM_153809","TAF1L","-",24749,"NM_182739","NDUFB6","-",-30649
"chr13",32791233,32791934,32791646,26,3,5,1.63e-10,1.29e-08,2.55e-05,2548.112779,2.23e-06,223.3141457,2324.798634,1.4e-06,"NM_015032","PDS5B","+",-13214,"NR_047020","LINC00423","-",17256
"chr18",3235247,3236769,3236566,27,4,8,1.62e-10,3.26e-08,2.65e-05,2646.117117,2.98e-06,297.7521942,2348.364923,1.4e-06,"NM_001303048","MYL12A","+",10713,"NM_001303047","MYL12A","+",10761
"chr7",152698666,152699559,152699205,26,5,8,1.64e-10,3.56e-07,2.55e-05,2548.112779,3.72e-06,372.1902428,2175.922537,1.41e-06,"NM_005431","XRCC2","-",-22502,"NM_001040135","ACTR3B","+",60190
"chr14",96116361,96117610,96117241,26,8,5,1.71e-10,0.000494159,2.55e-05,2548.112779,5.96e-06,595.5043885,1952.608391,1.46e-06,"NM_001252507","C14orf132","+",-22391,"NM_000623","BDKRB2","+",87188
"chr5",122849046,122850341,122849732,26,12,8,1.75e-10,0.000368324,2.55e-05,2548.112779,8.93e-06,893.2565827,1654.856197,1.49e-06,"NR_146145","SNX24","+",0,"NM_003100","SNX2","+",-14508
"chr2",162555187,162555860,162555560,26,13,6,1.77e-10,9.99e-05,2.55e-05,2548.112779,9.68e-06,967.6946313,1580.418148,1.5e-06,"NM_033272","KCNH7","-",0,"NM_001330265","GCA","+",-192080
"chr6",7972985,7974116,7973903,27,11,9,1.77e-10,0.000251144,2.65e-05,2646.117117,8.19e-06,818.8185342,1827.298583,1.5e-06,"NR_037616","BLOC1S5-TXNDC5","-",0,"NR_027712","PIP5K1P1","+",11986
"chr17",60355895,60357064,60356539,35,23,10,1.83e-10,0.00091419,3.43e-05,3430.151819,1.71e-05,1712.075117,1718.076702,1.55e-06,"NM_032582","USP32","-",0,"NM_181707","C17orf64","+",65440
"chr1",120614193,120615472,120615131,29,11,6,1.96e-10,3.35e-06,2.84e-05,2842.125792,8.19e-06,818.8185342,2023.307258,1.65e-06,"NR_144516","LOC100996724","-",0,"NR_102404","NBPF8","+",-144524
"chrX",125779424,125779954,125779721,25,12,5,1.96e-10,0.000264232,2.45e-05,2450.108442,8.93e-06,893.2565827,1556.851859,1.65e-06,"NR_110409","LOC101928495","+",329808,"NM_001013628","DCAF12L2","-",383545
"chr5",21170634,21171607,21171101,26,10,8,1.99e-10,2.33e-05,2.55e-05,2548.112779,7.44e-06,744.3804856,1803.732294,1.67e-06,"NR_027028","GUSBP1","+",287873,"NR_147185","LINC02146","-",-555100
"chr17",13181612,13183134,13182827.5,26,5,10,2.01e-10,1.74e-05,2.55e-05,2548.112779,3.72e-06,372.1902428,2175.922537,1.68e-06,"NR_146885","LINC02093","-",116047,"NM_018127","ELAC2","-",-163549
"chr5",128036734,128037620,128037244,26,7,8,2.01e-10,4.15e-06,2.55e-05,2548.112779,5.21e-06,521.0663399,2027.04644,1.68e-06,"NR_015360","LINC01184","-",0,"NR_046207","SLC12A2","+",46171
"chr6",101606301,101607861,101607590,26,6,17,2.13e-10,5.92e-07,2.55e-05,2548.112779,4.47e-06,446.6282914,2101.484488,1.78e-06,"NM_001166247","GRIK2","+",0,"NM_006828","ASCC3","-",-724930
"chr8",93192491,93193804,93193601,28,16,14,2.3e-10,0.000320987,2.74e-05,2744.121455,1.19e-05,1191.008777,1553.112678,1.91e-06,"NM_001242668","C8orf87","-",-25642,"NR_033858","LINC00535","-",152663
"chr6",85886363,85887604,85887199,27,7,18,2.6e-10,2.61e-06,2.65e-05,2646.117117,5.21e-06,521.0663399,2125.050777,2.15e-06,"NR_003038","SNHG5","-",-207631,"NR_003044","SNORD50B","-",-208705
"chr16",46693861,46694329,46694091,25,14,5,2.67e-10,0.000391338,2.45e-05,2450.108442,1.04e-05,1042.13268,1407.975762,2.2e-06,"NM_014321","ORC6","+",0,"NM_018206","VPS35","-",-4630
"chr19",19595260,19595988,19595559,25,9,4,2.67e-10,0.000267666,2.45e-05,2450.108442,6.7e-06,669.9424371,1780.166005,2.2e-06,"NR_038198","PBX4","-",0,"NM_004720","LPAR2","-",27668
"chr1",183461004,183462399,183461698,27,11,11,2.71e-10,0.000296961,2.65e-05,2646.117117,8.19e-06,818.8185342,1827.298583,2.22e-06,"NR_040063","SMG7-AS1","-",0,"NM_001174061","SMG7","+",9972
"chr2",173048508,173050039,173049100,27,9,17,2.75e-10,7.83e-06,2.65e-05,2646.117117,6.7e-06,669.9424371,1976.17468,2.25e-06,"NM_007023","RAPGEF4","+",0,"NM_133646","MAP3K20","+",25798
"chr20",56814321,56814910,56814597,29,12,5,2.76e-10,0.000172466,2.84e-05,2842.125792,8.93e-06,893.2565827,1948.86921,2.25e-06,"NM_003222","TFAP2C","+",-175040,"NR_136537","LINC01716","+",-218196
"chr6",114363670,114364586,114364305,26,0,13,2.76e-10,4.46e-11,2.55e-05,2548.112779,0,0,2548.112779,2.25e-06,"NR_125845","HDAC2-AS2","+",-22942,"NM_153612","HS3ST5","-",-300794
"chr12",124729782,124731136,124730810,26,5,5,2.81e-10,9.03e-05,2.55e-05,2548.112779,3.72e-06,372.1902428,2175.922537,2.28e-06,"NM_001082959","SCARB1","-",46492,"NM_001077261","NCOR2","-",-162319
"chrX",104972479,104973079,104972876,25,3,6,2.85e-10,2.78e-08,2.45e-05,2450.108442,2.23e-06,223.3141457,2226.794296,2.31e-06,"NM_017416","IL1RAPL2","+",0,"NM_001291277","TEX13A","-",245850
"chr12",58912475,58913460,58912876,27,10,16,2.97e-10,0.000157118,2.65e-05,2646.117117,7.44e-06,744.3804856,1901.736632,2.39e-06,"NM_153377","LRIG3","-",0,"NR_126341","LOC100506869","+",-99808
"chr5",57862589,57864131,57862921,27,11,13,2.96e-10,9.63e-05,2.65e-05,2646.117117,8.19e-06,818.8185342,1827.298583,2.39e-06,"NR_109900","LINC02225","-",26200,"NR_104668","LOC101928505","+",-191601
"chr5",104645145,104646410,104645904,26,7,14,2.98e-10,1.93e-06,2.55e-05,2548.112779,5.21e-06,521.0663399,2027.04644,2.39e-06,"NR_000039","RAB9BP1","+",453064,"NM_001300741","NUDT12","-",-1082345
"chr3",150756494,150758018,150756806,27,14,9,3.12e-10,0.000459616,2.65e-05,2646.117117,1.04e-05,1042.13268,1603.984437,2.5e-06,"NM_005067","SIAH2","-",0,"NR_121657","LOC101928105","-",-17510
"chr4",95746938,95747890,95747595,25,4,10,3.39e-10,6.68e-08,2.45e-05,2450.108442,2.98e-06,297.7521942,2152.356248,2.7e-06,"NM_005390","PDHA2","+",92198,"NM_003728","UNC5C","-",-197729
"chr6",134643897,134645212,134645009,26,8,9,3.39e-10,1.27e-05,2.55e-05,2548.112779,5.96e-06,595.5043885,1952.608391,2.7e-06,"NR_125856","LOC101928304","-",-103893,"NR_038216","LINC01010","+",-139878
"chr16",74850948,74852261,74851893,28,6,11,3.43e-10,3.66e-07,2.74e-05,2744.121455,4.47e-06,446.6282914,2297.493163,2.73e-06,"NM_030581","WDR59","-",21312,"NM_001324171","WDR59","-",56472
"chr10",50172822,50173767,50173372,26,3,9,3.64e-10,3.3e-07,2.55e-05,2548.112779,2.23e-06,223.3141457,2324.798634,2.89e-06,"NM_001143974","ASAH2","-",13473,"NM_001291398","WASHC2A","+",-39314
"chr6",18052891,18054381,18053763,27,11,16,3.69e-10,0.000155456,2.65e-05,2646.117117,8.19e-06,818.8185342,1827.298583,2.92e-06,"NM_001105568","KIF13A","-",-65269,"NM_198586","NHLRC1","-",66106
"chr11",9565410,9566740,9566333,26,15,11,3.8e-10,0.000878675,2.55e-05,2548.112779,1.12e-05,1116.570728,1431.542051,3e-06,"NM_003390","WEE1","+",6941,"NM_001143976","WEE1","+",7947
"chr2",216538452,216539956,216539617,27,1,17,3.91e-10,1.24e-10,2.65e-05,2646.117117,7.44e-07,74.43804856,2571.679069,3.08e-06,"NM_000998","RPL37A","+",-36988,"NR_110392","LINC01280","-",50037
"chr20",59350640,59351698,59351151,26,6,8,3.99e-10,1.61e-06,2.55e-05,2548.112779,4.47e-06,446.6282914,2101.484488,3.13e-06,"NM_001302455","EDN3","+",-24649,"NM_178457","ZNF831","+",-91529
"chr14",95273452,95274212,95273825,25,7,3,4.14e-10,3.57e-05,2.45e-05,2450.108442,5.21e-06,521.0663399,1929.042102,3.24e-06,"NM_024734","CLMN","-",0,"NR_110127","LINC02292","+",55372
"chr7",88805913,88807143,88806796,27,8,22,4.14e-10,1.74e-07,2.65e-05,2646.117117,5.96e-06,595.5043885,2050.612729,3.24e-06,"NM_181646","ZNF804B","+",0,"NM_152706","TEX47","-",-10197
"chr2",212912129,212913552,212912642,26,15,13,4.27e-10,0.000297438,2.55e-05,2548.112779,1.12e-05,1116.570728,1431.542051,3.32e-06,"NR_039935","MIR4776-1","+",12705,"NM_016260","IKZF2","-",86134
"chr6",20209818,20210903,20210304,26,3,11,4.61e-10,3.99e-08,2.55e-05,2548.112779,2.23e-06,223.3141457,2324.798634,3.58e-06,"NM_001080480","MBOAT1","-",0,"NM_001949","E2F3","+",191003
"chr9",106952341,106953673,106952864,27,6,14,4.67e-10,0.000130669,2.65e-05,2646.117117,4.47e-06,446.6282914,2199.488826,3.62e-06,"NM_001347997","ZNF462","+",0,"NR_126029","LOC340512","-",21160
"chr10",74821746,74823209,74822007,26,14,9,4.77e-10,0.000516486,2.55e-05,2548.112779,1.04e-05,1042.13268,1505.9801,3.69e-06,"NM_001256469","KAT6B","+",3204,"NR_134476","LOC101929165","+",89577
"chr7",123780612,123781080,123780847,25,5,5,4.78e-10,3.86e-07,2.45e-05,2450.108442,3.72e-06,372.1902428,2077.918199,3.69e-06,"NR_125730","RNU6-2","-",9527,"NM_003941","WASL","-",-31542
"chr6",49541320,49542570,49542243,26,15,19,4.91e-10,0.000146507,2.55e-05,2548.112779,1.12e-05,1116.570728,1431.542051,3.78e-06,"NR_146860","C6orf141","+",7830,"NM_001010904","GLYATL3","+",-13257
"chr6",35184346,35185661,35185458,26,7,8,5.14e-10,0.000747078,2.55e-05,2548.112779,5.21e-06,521.0663399,2027.04644,3.94e-06,"NM_152753","SCUBE3","+",28401,"NM_018679","TCP11","-",-42937
"chr20",54268646,54269646,54269166,33,15,7,5.2e-10,1.51e-05,3.23e-05,3234.143143,1.12e-05,1116.570728,2117.572415,3.98e-06,"NM_002623","PFDN4","+",-48694,"NM_001128915","CYP24A1","-",-94670
"chr3",160935060,160935995,160935460,29,24,11,5.56e-10,0.000290781,2.84e-05,2842.125792,1.79e-05,1786.513165,1055.612627,4.24e-06,"NM_139245","PPM1L","+",0,"NM_001349154","B3GALNT1","-",147888
"chr6",45607340,45608878,45608384,26,9,12,5.83e-10,5.24e-05,2.55e-05,2548.112779,6.7e-06,669.9424371,1878.170342,4.44e-06,"NM_001015051","RUNX2","+",-56259,"NM_001261823","SUPT3H","-",-229290
"chr1",200433031,200433617,200433368,26,15,7,6.03e-10,0.000389644,2.55e-05,2548.112779,1.12e-05,1116.570728,1431.542051,4.58e-06,"NM_001281293","ZNF281","-",-22974,"NR_040064","LINC00862","-",-59240
"chr12",122110940,122112310,122111140,27,10,11,6.06e-10,0.00014111,2.65e-05,2646.117117,7.44e-06,744.3804856,1901.736632,4.59e-06,"NM_014938","MLXIP","+",0,"NR_135044","LOC100506691","+",-42381
"chr16",80836724,80837889,80837020,26,8,10,6.13e-10,2.96e-05,2.55e-05,2548.112779,5.96e-06,595.5043885,1952.608391,4.63e-06,"NR_131948","LINC02170","-",0,"NM_152342","CDYL2","-",-32447
"chr8",127317425,127317893,127317660,25,11,5,6.37e-10,0.000604478,2.45e-05,2450.108442,8.19e-06,818.8185342,1631.289908,4.8e-06,"NR_117099","CASC21","+",0,"NR_109834","CCAT2","+",82506
"chr1",155634475,155635859,155635600,26,11,9,6.57e-10,0.000157431,2.55e-05,2548.112779,8.19e-06,818.8185342,1729.294245,4.94e-06,"NM_001256532","MSTO1","+",-19509,"NR_024117","MSTO2P","+",-19651
"chr16",70205507,70205966,70205733,25,12,5,6.72e-10,0.000475428,2.45e-05,2450.108442,8.93e-06,893.2565827,1556.851859,5.04e-06,"NR_033959","SMG1P7","-",13615,"NR_135173","LOC105371328","+",-16256
"chr17",56869690,56870897,56870694,27,6,12,6.76e-10,2.06e-06,2.65e-05,2646.117117,4.47e-06,446.6282914,2199.488826,5.06e-06,"NM_003647","DGKE","+",-1016,"NR_027025","MTVR2","-",13205
"chr6",51240915,51242400,51241667,27,8,24,6.85e-10,5.75e-05,2.65e-05,2646.117117,5.96e-06,595.5043885,2050.612729,5.11e-06,"NM_138694","PKHD1","-",372947,"NR_125840","LOC101927082","+",379470
"chr4",102255573,102256819,102256283,26,8,12,7.09e-10,1.36e-07,2.55e-05,2548.112779,5.96e-06,595.5043885,1952.608391,5.28e-06,"NM_001135147","SLC39A8","-",0,"NM_001135148","SLC39A8","-",4845
"chr20",48051537,48052758,48051934,29,9,4,7.53e-10,1.66e-05,2.84e-05,2842.125792,6.7e-06,669.9424371,2172.183355,5.59e-06,"NR_110027","LINC01522","-",-61421,"NR_109942","LINC01523","+",-67225
"chr1",109214503,109215019,109214789,25,7,4,7.59e-10,7.24e-06,2.45e-05,2450.108442,5.21e-06,521.0663399,1929.042102,5.62e-06,"NR_034072","SARS","+",0,"NM_001267048","KIAA1324","+",-7723
"chr3",102066152,102067222,102066839,27,7,19,8.07e-10,8.59e-07,2.65e-05,2646.117117,5.21e-06,521.0663399,2125.050777,5.96e-06,"NR_026934","LINC02085","+",-68227,"NR_135549","LOC101929411","+",96483
"chr3",192818432,192819430,192818805,25,6,9,8.36e-10,5.83e-06,2.45e-05,2450.108442,4.47e-06,446.6282914,2003.48015,6.16e-06,"NM_178496","MB21D2","-",0,"NM_004113","FGF12","-",-90834
"chr3",161338999,161340395,161340002,27,19,8,8.84e-10,8.28e-05,2.65e-05,2646.117117,1.41e-05,1414.322923,1231.794194,6.5e-06,"NM_001320679","SPTSSB","-",4397,"NM_001320227","NMD3","+",-85468
"chr3",189943235,189944498,189944295,25,4,7,9.03e-10,2.28e-07,2.45e-05,2450.108442,2.98e-06,297.7521942,2152.356248,6.62e-06,"NM_018192","P3H2","-",12230,"NM_001329964","TP63","+",-45957
"chr7",116338842,116339974,116339623,27,7,19,9.06e-10,1.72e-06,2.65e-05,2646.117117,5.21e-06,521.0663399,2125.050777,6.63e-06,"NR_130922","LOC102724434","-",-52116,"NR_130923","LOC102724434","-",-52179
"chr10",116142460,116143591,116143332,26,23,14,9.24e-10,9.3e-05,2.55e-05,2548.112779,1.71e-05,1712.075117,836.0376625,6.74e-06,"NM_001348099","GFRA1","-",0,"NR_145811","SNORD158","-",51141
"chr10",63710861,63712191,63711415,25,6,12,9.27e-10,4.28e-07,2.45e-05,2450.108442,4.47e-06,446.6282914,2003.48015,6.75e-06,"NM_001001330","REEP3","+",-85739,"NM_001318154","JMJD1C","-",-188787
"chr1",108533169,108534271,108533744,27,14,8,9.43e-10,1.39e-05,2.65e-05,2646.117117,1.04e-05,1042.13268,1603.984437,6.85e-06,"NM_001010883","FAM102B","+",26078,"NM_001143987","NBPF6","+",-62532
"chr1",169496670,169497908,169497299,26,7,14,9.58e-10,1.39e-06,2.55e-05,2548.112779,5.21e-06,521.0663399,2027.04644,6.94e-06,"NM_001319667","SLC19A2","-",-10701,"NM_000130","F5","-",14046
"chr2",46966263,46967525,46967266,25,7,8,9.72e-10,1.53e-05,2.45e-05,2450.108442,5.21e-06,521.0663399,1929.042102,7.01e-06,"NM_001288953","TTC7A","+",0,"NM_001171511","MCFD2","-",-24409
"chr6",138188493,138189396,138188837,25,0,6,9.71e-10,7.37e-09,2.45e-05,2450.108442,0,0,2450.108442,7.01e-06,"NM_020340","ARFGEF3","+",0,"NM_021635","PBOV1","-",26590
"chr3",23017343,23018423,23017771,24,8,3,1.01e-09,2.55e-05,2.35e-05,2352.104104,5.96e-06,595.5043885,1756.599716,7.24e-06,"NR_136177","UBE2E2-AS1","-",176648,"NM_152653","UBE2E2","+",184870
"chr1",220363956,220364499,220364226,24,1,4,1.03e-09,4.41e-09,2.35e-05,2352.104104,7.44e-07,74.43804856,2277.666056,7.41e-06,"NM_012414","RAB3GAP2","-",-91456,"NR_001587","AURKAPS1","-",-96242
"chr8",116078846,116079393,116079069,25,14,4,1.06e-09,0.000186986,2.45e-05,2450.108442,1.04e-05,1042.13268,1407.975762,7.56e-06,"NR_046215","LINC00536","-",0,"NM_014112","TRPS1","-",-409819
"chr6",99429346,99429814,99429581,24,6,5,1.06e-09,5.48e-06,2.35e-05,2352.104104,4.47e-06,446.6282914,1905.475813,7.58e-06,"NR_125843","LOC101927365","+",0,"NM_001080481","USP45","-",2492
"chrX",16662094,16662953,16662640,24,15,5,1.08e-09,0.00042149,2.35e-05,2352.104104,1.12e-05,1116.570728,1235.533376,7.68e-06,"NM_001144002","CTPS2","-",0,"NM_004057","S100G","+",-7427
"chr12",124069874,124070653,124070074,24,10,3,1.15e-09,0.000148559,2.35e-05,2352.104104,7.44e-06,744.3804856,1607.723619,8.17e-06,"NM_001204299","ZNF664-RFLNA","+",0,"NM_001204298","ZNF664","+",-54436
"chr3",121689195,121689663,121689430,24,14,5,1.16e-09,0.000823042,2.35e-05,2352.104104,1.04e-05,1042.13268,1309.971424,8.2e-06,"NM_001256486","GOLGB1","-",0,"NM_001292041","HCLS1","-",-28248
"chr1",108815817,108816578,108816295,27,18,9,1.18e-09,0.000746722,2.65e-05,2646.117117,1.34e-05,1339.884874,1306.232243,8.36e-06,"NM_152763","AKNAD1","-",0,"NM_007269","STXBP3","+",-6292
"chr13",42594233,42595218,42594732,25,6,11,1.31e-09,6.01e-05,2.45e-05,2450.108442,4.47e-06,446.6282914,2003.48015,9.24e-06,"NM_033012","TNFSF11","+",0,"NR_135319","LINC02341","+",-108278
"chr1",178655018,178656042,178655839,25,7,10,1.36e-09,1.42e-05,2.45e-05,2450.108442,5.21e-06,521.0663399,1929.042102,9.6e-06,"NR_039622","MIR4424","+",21707,"NM_001286247","RALGPS2","+",69105
"chr10",30681852,30683040,30682367,25,12,11,1.44e-09,0.000613899,2.45e-05,2450.108442,8.93e-06,893.2565827,1556.851859,1.01e-05,"NR_036438","SVILP1","+",9234,"NR_134497","LOC105376480","+",40179
"chr4",74545753,74546648,74546249,27,16,14,1.45e-09,0.000136821,2.65e-05,2646.117117,1.19e-05,1191.008777,1455.10834,1.01e-05,"NM_001657","AREG","+",-90745,"NM_001432","EREG","+",-156994
"chr7",99162382,99163041,99162742,24,7,4,1.45e-09,7.18e-05,2.35e-05,2352.104104,5.21e-06,521.0663399,1831.037764,1.01e-05,"NM_001145715","KPNA7","-",10533,"NM_181349","SMURF1","-",-18263
"chr18",2385024,2386197,2385423,25,7,11,1.47e-09,1.53e-05,2.45e-05,2450.108442,5.21e-06,521.0663399,1929.042102,1.03e-05,"NM_001308401","METTL4","-",151328,"NM_006101","NDC80","+",185314
"chr6",93165745,93166379,93166002,24,8,7,1.5e-09,4.16e-05,2.35e-05,2352.104104,5.96e-06,595.5043885,1756.599716,1.04e-05,"NM_004440","EPHA7","-",73642,"NM_001288630","EPHA7","-",243275
"chr14",68177473,68178817,68177909,29,16,12,1.59e-09,0.0009392,2.84e-05,2842.125792,1.19e-05,1191.008777,1651.117015,1.1e-05,"NM_001321819","RAD51B","+",0,"NM_015346","ZFYVE26","-",-360885
"chr2",33069793,33070690,33070286,24,7,6,1.58e-09,1.96e-05,2.35e-05,2352.104104,5.21e-06,521.0663399,1831.037764,1.1e-05,"NM_206943","LTBP1","+",0,"NM_000627","LTBP1","+",63907
"chr2",160241485,160243051,160242118,25,12,11,1.68e-09,0.000433906,2.45e-05,2450.108442,8.93e-06,893.2565827,1556.851859,1.16e-05,"NR_103775","LINC02478","-",14668,"NM_016836","RBMS1","-",29100
"chr21",46292360,46293441,46292942,27,0,24,1.68e-09,1.16e-11,2.65e-05,2646.117117,0,0,2646.117117,1.16e-05,"NM_001006114","YBEY","+",0,"NM_003906","MCM3AP","-",-6967
"chr17",67490893,67491559,67491356,24,3,3,1.78e-09,1.57e-07,2.35e-05,2352.104104,2.23e-06,223.3141457,2128.789958,1.23e-05,"NM_181671","PITPNC1","+",0,"NR_037517","MIR548AA2","+",-19309
"chr1",121100019,121100866,121100565,27,15,8,1.83e-09,0.000316672,2.65e-05,2646.117117,1.12e-05,1116.570728,1529.546389,1.25e-05,"NM_001004340","FCGR1B","+",-2859,"NM_001244910","FCGR1B","+",-4378
"chr9",99410707,99411696,99411370,24,6,6,1.83e-09,1.16e-05,2.35e-05,2352.104104,4.47e-06,446.6282914,1905.475813,1.25e-05,"NR_102270","NAMA","-",-35451,"NR_109802","LOC101928438","-",174090
"chr7",42869174,42870418,42869445.5,24,11,10,1.9e-09,0.000635236,2.35e-05,2352.104104,8.19e-06,818.8185342,1533.28557,1.3e-05,"NM_001099858","C7orf25","-",38855,"NM_002787","PSMA2","-",46443
"chr12",7919993,7920956,7920461,25,11,14,1.92e-09,0.000690336,2.45e-05,2450.108442,8.19e-06,818.8185342,1631.289908,1.31e-05,"NM_006931","SLC2A3","-",0,"NM_001286237","SLC2A14","-",-28798
"chr12",118356413,118357702,118357058,25,10,13,2.02e-09,0.000240306,2.45e-05,2450.108442,7.44e-06,744.3804856,1705.727956,1.37e-05,"NM_001346489","TAOK3","-",0,"NM_022491","SUDS3","+",18851
"chr7",107948678,107949990,107949643.5,26,10,11,2.02e-09,5.47e-06,2.55e-05,2548.112779,7.44e-06,744.3804856,1803.732294,1.37e-05,"NM_002291","LAMB1","-",0,"NM_001289750","DLD","+",-27481
"chr13",95099735,95100950,95100537.5,24,8,11,2.04e-09,0.000178537,2.35e-05,2352.104104,5.96e-06,595.5043885,1756.599716,1.38e-05,"NM_001301829","ABCC4","-",0,"NR_145733","SNORD13G","+",109394
"chr20",54132506,54133263,54132894,34,18,6,2.08e-09,7.05e-05,3.33e-05,3332.147481,1.34e-05,1339.884874,1992.262607,1.41e-05,"NM_001128915","CYP24A1","-",20186,"NM_001316361","BCAS1","-",-61742
"chr7",117123818,117124988,117124717,26,4,18,2.13e-09,1.32e-07,2.55e-05,2548.112779,2.98e-06,297.7521942,2250.360585,1.44e-05,"NM_018412","ST7","+",0,"NR_109980","ST7-AS2","-",-33038
"chr14",45919598,45920685,45920099,24,6,12,2.16e-09,8.13e-06,2.35e-05,2352.104104,4.47e-06,446.6282914,1905.475813,1.45e-05,"NR_102701","LINC00871","+",143474,"NR_146546","LINC02303","-",-203997
"chr6",47459407,47460787,47460475,24,9,7,2.15e-09,0.000467359,2.35e-05,2352.104104,6.7e-06,669.9424371,1682.161667,1.45e-05,"NM_012120","CD2AP","+",17002,"NM_014452","TNFRSF21","-",-149461
"chr1",96163878,96165005,96164430,24,10,8,2.18e-09,5.71e-06,2.35e-05,2352.104104,7.44e-06,744.3804856,1607.723619,1.46e-05,"NR_110693","LINC01787","-",89064,"NR_125991","LOC102723661","+",-140999
"chr9",76304710,76306177,76305442,26,0,22,2.23e-09,4.46e-11,2.55e-05,2548.112779,0,0,2548.112779,1.49e-05,"NM_001190482","PCSK5","+",0,"NM_018339","RFK","-",79340
"chr7",151736088,151736965,151736406,24,9,6,2.25e-09,0.000552675,2.35e-05,2352.104104,6.7e-06,669.9424371,1682.161667,1.5e-05,"NM_001304527","PRKAG2","-",0,"NM_001304531","PRKAG2","-",-103471
"chr1",151006952,151008342,151007152,25,7,6,2.27e-09,1.05e-05,2.45e-05,2450.108442,5.21e-06,521.0663399,1929.042102,1.51e-05,"NM_001319998","MINDY1","-",0,"NM_001040217","MINDY1","-",-44
"chr16",3166459,3167029,3166813,24,6,4,2.31e-09,1.25e-05,2.35e-05,2352.104104,4.47e-06,446.6282914,1905.475813,1.53e-05,"NR_132322","CASP16P","+",-16514,"NM_004220","ZNF213","+",-23656
"chr9",77942690,77943639,77943269,26,7,12,2.3e-09,2.23e-06,2.55e-05,2548.112779,5.21e-06,521.0663399,2027.04644,1.53e-05,"NM_002072","GNAQ","-",0,"NM_001330691","CEP78","+",292423
"chr12",87112486,87113289,87112914,24,3,9,2.36e-09,1.29e-07,2.35e-05,2352.104104,2.23e-06,223.3141457,2128.789958,1.56e-05,"NR_135020","LOC105369879","+",217450,"NM_001351285","MGAT4C","-",-273481
"chr20",58111855,58112575,58112102,25,9,6,2.35e-09,0.000263809,2.45e-05,2450.108442,6.7e-06,669.9424371,1780.166005,1.56e-05,"NM_178456","C20orf85","+",38352,"NM_001304369","ANKRD60","-",103551
"chr2",137178977,137180498,137179608,24,9,13,2.42e-09,2.59e-05,2.35e-05,2352.104104,6.7e-06,669.9424371,1682.161667,1.6e-05,"NM_001316349","THSD7B","+",0,"NR_120402","LOC101928273","-",698256
"chr2",137508007,137509388,137508955,24,10,10,2.58e-09,7.46e-05,2.35e-05,2352.104104,7.44e-06,744.3804856,1607.723619,1.69e-05,"NM_001316349","THSD7B","+",0,"NR_120402","LOC101928273","-",369366
"chr9",71987629,71988568,71988354,24,8,9,2.57e-09,0.000117993,2.35e-05,2352.104104,5.96e-06,595.5043885,1756.599716,1.69e-05,"NM_182505","C9orf85","+",-14175,"NM_001128618","C9orf57","-",62813
"chr3",172562638,172563941,172563513,25,11,13,2.59e-09,0.000300658,2.45e-05,2450.108442,8.19e-06,818.8185342,1631.289908,1.7e-05,"NR_146714","LINC02068","-",0,"NM_001190942","TNFSF10","-",-39132
"chr19",16003389,16004146,16003842,24,4,8,2.83e-09,1.34e-06,2.35e-05,2352.104104,2.98e-06,297.7521942,2054.35191,1.84e-05,"NR_026828","LINC00661","+",11488,"NR_024335","LINC00905","+",29567
"chr20",36000069,36001217,36000979,24,8,8,2.83e-09,4.3e-05,2.35e-05,2352.104104,5.96e-06,595.5043885,1756.599716,1.84e-05,"NR_130714","CNBD2","+",0,"NM_001304367","CNBD2","+",-25115
"chr3",189641509,189642372,189641913,26,5,14,2.82e-09,2.57e-07,2.55e-05,2548.112779,3.72e-06,372.1902428,2175.922537,1.84e-05,"NM_001329964","TP63","+",0,"NM_001329149","TP63","+",147288
"chr1",148641457,148642971,148642499,28,14,8,3.01e-09,0.000147288,2.74e-05,2744.121455,1.04e-05,1042.13268,1701.988775,1.95e-05,"NM_015383","NBPF14","-",-45741,"NR_104005","NUDT4P2","+",105585
"chr8",121432088,121432974,121432630,25,7,10,3.04e-09,2.4e-06,2.45e-05,2450.108442,5.21e-06,521.0663399,1929.042102,1.97e-05,"NM_005328","HAS2","-",180057,"NR_002835","HAS2-AS1","+",206372
"chr19",37331375,37332275,37331601,23,15,6,3.23e-09,0.000919769,2.25e-05,2254.099766,1.12e-05,1116.570728,1137.529038,2.09e-05,"NR_138103","HKR1","+",0,"NR_138117","HKR1","+",2349
"chr4",168691178,168692458,168691553,24,10,10,3.41e-09,5.14e-05,2.35e-05,2352.104104,7.44e-06,744.3804856,1607.723619,2.2e-05,"NM_001166108","PALLD","+",0,"NM_001166110","PALLD","+",139547
"chr6",26556480,26557187,26556854,24,19,5,3.47e-09,0.000967718,2.35e-05,2352.104104,1.41e-05,1414.322923,937.7811815,2.24e-05,"NM_006353","HMGN4","+",-9545,"NR_134611","LOC105374988","+",12137
"chr4",88241889,88242934,88242191,24,6,9,3.61e-09,5.51e-06,2.35e-05,2352.104104,4.47e-06,446.6282914,1905.475813,2.32e-05,"NM_001257386","ABCG2","-",-10264,"NM_152542","PPM1K","-",14675
"chr4",172393226,172394212,172393481,24,16,18,3.65e-09,0.000612606,2.35e-05,2352.104104,1.19e-05,1191.008777,1161.095327,2.34e-05,"NM_001034845","GALNTL6","+",0,"NR_125895","LOC101928314","-",235720
"chr5",44731009,44731468,44731239,23,9,5,3.74e-09,0.000143739,2.25e-05,2254.099766,6.7e-06,669.9424371,1584.157329,2.39e-05,"NR_109865","BRCAT54","-",12860,"NM_016640","MRPS30","+",77457
"chr3",101440116,101440584,101440351,23,10,5,4.07e-09,0.000455572,2.25e-05,2254.099766,7.44e-06,744.3804856,1509.719281,2.59e-05,"NM_001077203","SENP7","-",0,"NR_036433","FAM172BP","+",78283
"chr6",77717467,77718381,77717697,23,12,10,4.15e-09,0.000627371,2.25e-05,2254.099766,8.93e-06,893.2565827,1360.843184,2.64e-05,"NM_001282136","MEI4","+",0,"NM_000863","HTR1B","-",-253446
"chr14",73696048,73697136,73696743,25,4,10,4.2e-09,2.82e-07,2.45e-05,2450.108442,2.98e-06,297.7521942,2152.356248,2.65e-05,"NM_001201366","DNAL1","+",0,"NM_006029","PNMA1","-",14647
"chr15",71678809,71680344,71680141,24,6,8,4.2e-09,0.0002762,2.35e-05,2352.104104,4.47e-06,446.6282914,1905.475813,2.65e-05,"NM_024817","THSD4","+",0,"NR_120346","THSD4-AS2","-",8357
"chr3",64316556,64317979,64317417,27,2,6,4.17e-09,6.88e-10,2.65e-05,2646.117117,1.49e-06,148.8760971,2497.24102,2.65e-05,"NM_198859","PRICKLE2","-",-91102,"NR_046702","PRICKLE2-AS3","+",-114997
"chr8",125069205,125070253,125069971,25,11,7,4.2e-09,0.00062356,2.45e-05,2450.108442,8.19e-06,818.8185342,1631.289908,2.65e-05,"NM_001330609","WASHC5","-",0,"NM_001349487","NSMCE2","+",21570
"chr17",58575300,58576345,58575914,27,14,9,4.22e-09,0.000223638,2.65e-05,2646.117117,1.04e-05,1042.13268,1603.984437,2.66e-05,"NM_001201457","TEX14","-",0,"NR_110810","SEPT4-AS1","+",-18376
"chr2",113307870,113308474,113308090,23,3,5,4.36e-09,6.21e-06,2.25e-05,2254.099766,2.23e-06,223.3141457,2030.785621,2.74e-05,"NM_013992","PAX8","-",-28950,"NR_015377","PAX8-AS1","+",-40848
"chr6",110509542,110510536,110509861,23,6,4,4.41e-09,9.51e-06,2.25e-05,2254.099766,4.47e-06,446.6282914,1807.471475,2.77e-05,"NM_033125","SLC22A16","-",-32902,"NM_003649","DDO","-",-93993
"chr15",39668322,39669680,39668594,24,8,13,4.72e-09,8.48e-05,2.35e-05,2352.104104,5.96e-06,595.5043885,1756.599716,2.96e-05,"NM_152597","FSIP1","-",0,"NM_003246","THBS1","+",-69402
"chr20",35154592,35155060,35154827,23,8,5,4.76e-09,0.000160284,2.25e-05,2254.099766,5.96e-06,595.5043885,1658.595378,2.97e-05,"NM_001145025","EDEM2","-",-7235,"NM_006404","PROCR","+",16877
"chr3",63561962,63562965,63562259,26,8,14,4.82e-09,1.58e-06,2.55e-05,2548.112779,5.96e-06,595.5043885,1952.608391,3e-05,"NM_001130003","SYNPR","+",0,"NR_046677","SYNPR-AS1","-",-11912
"chr10",88385243,88386700,88386189,24,6,16,4.85e-09,0.000130669,2.35e-05,2352.104104,4.47e-06,446.6282914,1905.475813,3.02e-05,"NM_018363","RNLS","-",0,"NM_001010939","LIPJ","+",200062
"chr20",57710573,57711143,57710829,27,7,8,4.88e-09,7.27e-06,2.65e-05,2646.117117,5.21e-06,521.0663399,2125.050777,3.03e-05,"NM_199169","PMEPA1","-",0,"NM_020182","PMEPA1","-",-599
"chr3",150253104,150254315,150253828.5,26,4,14,4.91e-09,5.35e-08,2.55e-05,2548.112779,2.98e-06,297.7521942,2250.360585,3.04e-05,"NR_110186","LINC01214","-",11092,"NR_110168","LINC01213","+",-12900
"chr1",226114301,226114769,226114531,23,10,4,4.96e-09,0.000814415,2.25e-05,2254.099766,7.44e-06,744.3804856,1509.719281,3.07e-05,"NR_146920","LINC01703","+",-24013,"NM_022735","ACBD3","-",29910
"chr7",106567907,106569111,106568770,25,3,15,5.18e-09,6.99e-08,2.45e-05,2450.108442,2.23e-06,223.3141457,2226.794296,3.2e-05,"NM_175884","CCDC71L","-",85251,"NM_005746","NAMPT","-",-282716
"chr3",169757997,169759166,169758894,25,5,16,5.39e-09,9.76e-07,2.45e-05,2450.108442,3.72e-06,372.1902428,2077.918199,3.32e-05,"NR_001566","TERC","-",5444,"NM_032487","ACTRT3","-",7757
"chr11",63530836,63531295,63531066,23,3,4,5.41e-09,7.17e-07,2.25e-05,2254.099766,2.23e-06,223.3141457,2030.785621,3.33e-05,"NM_004585","RARRES3","+",5506,"NM_001142536","LGALS12","+",-14063
"chr3",129484643,129485966,129485641,23,8,3,5.43e-09,0.00020341,2.25e-05,2254.099766,5.96e-06,595.5043885,1658.595378,3.33e-05,"NM_001280541","IFT122","+",0,"NM_000539","RHO","+",42673
"chr4",48954346,48955218,48954822,23,8,8,6.01e-09,6.48e-05,2.25e-05,2254.099766,5.96e-06,595.5043885,1658.595378,3.68e-05,"NM_025087","CWH43","+",31030,"NM_001286791","CWH43","+",31424
"chr8",109606484,109607445,109607136.5,24,9,13,6.08e-09,7.87e-05,2.35e-05,2352.104104,6.7e-06,669.9424371,1682.161667,3.72e-05,"NM_001330596","SYBU","-",0,"NM_001317989","LOC100132813","+",36670
"chr10",103124727,103126185,103125982,27,13,18,6.45e-09,4.52e-05,2.65e-05,2646.117117,9.68e-06,967.6946313,1678.422486,3.94e-05,"NM_001351169","NT5C2","-",0,"NM_199076","CNNM2","+",-46141
"chr4",119343054,119343864,119343284,23,11,9,6.78e-09,0.00073252,2.25e-05,2254.099766,8.19e-06,818.8185342,1435.281232,4.13e-05,"NM_000134","FABP2","-",-20894,"NM_001170330","C4orf3","-",-38610
"chr21",15164451,15165523,15164756,24,14,8,6.81e-09,0.000916875,2.35e-05,2352.104104,1.04e-05,1042.13268,1309.971424,4.14e-05,"NM_003489","NRIP1","-",-99647,"NR_146322","LINC02246","-",-245784
"chr1",153511219,153511768,153511436,23,9,6,7.21e-09,0.000178862,2.25e-05,2254.099766,6.7e-06,669.9424371,1584.157329,4.37e-05,"NM_014624","S100A6","-",22832,"NM_002962","S100A5","-",25379
"chr8",92053502,92054129,92053706,23,10,10,7.25e-09,0.000522803,2.25e-05,2254.099766,7.44e-06,744.3804856,1509.719281,4.39e-05,"NM_001198633","RUNX1T1","-",0,"NM_175636","RUNX1T1","-",-35823
"chr17",58639510,58640144,58639876,25,2,5,7.51e-09,4.95e-09,2.45e-05,2450.108442,1.49e-06,148.8760971,2301.232345,4.54e-05,"NM_001201457","TEX14","-",0,"NR_103872","RAD51C","+",52429
"chr5",129126250,129127020,129126709,23,20,7,7.56e-09,0.000245294,2.25e-05,2254.099766,1.49e-05,1488.760971,765.3387952,4.55e-05,"NM_016048","ISOC1","+",-12225,"NR_039776","MIR4633","+",-28485
"chr10",43355350,43356550,43356347,23,9,5,7.6e-09,0.000837201,2.25e-05,2254.099766,6.7e-06,669.9424371,1584.157329,4.57e-05,"NM_001184963","FXYD4","+",15094,"NM_001098207","HNRNPF","-",29067
"chr4",25568102,25568832,25568418,23,7,8,7.94e-09,4.08e-05,2.25e-05,2254.099766,5.21e-06,521.0663399,1733.033427,4.77e-05,"NR_134641","LOC101929161","-",0,"NM_001177998","SLC34A2","+",86981
"chr1",146177935,146179049,146178692,28,8,11,8e-09,1.12e-06,2.74e-05,2744.121455,5.96e-06,595.5043885,2148.617066,4.79e-05,"NM_203458","NOTCH2NL","-",0,"NM_001039703","NBPF10","-",-33132
