ImageNumber,ObjectNumber,FileName_Brightfield,FileName_Fluorescence,PathName_Brightfield,PathName_Fluorescence,AreaShape_Area,AreaShape_BoundingBoxArea,AreaShape_BoundingBoxMaximum_X,AreaShape_BoundingBoxMaximum_Y,AreaShape_BoundingBoxMinimum_X,AreaShape_BoundingBoxMinimum_Y,AreaShape_Center_X,AreaShape_Center_Y,AreaShape_Compactness,AreaShape_ConvexArea,AreaShape_Eccentricity,AreaShape_EquivalentDiameter,AreaShape_EulerNumber,AreaShape_Extent,AreaShape_FormFactor,AreaShape_MajorAxisLength,AreaShape_MaxFeretDiameter,AreaShape_MaximumRadius,AreaShape_MeanRadius,AreaShape_MedianRadius,AreaShape_MinFeretDiameter,AreaShape_MinorAxisLength,AreaShape_Orientation,AreaShape_Perimeter,AreaShape_Solidity,Intensity_IntegratedIntensityEdge_Fluorescence,Intensity_IntegratedIntensity_Fluorescence,Intensity_LowerQuartileIntensity_Fluorescence,Intensity_MADIntensity_Fluorescence,Intensity_MassDisplacement_Fluorescence,Intensity_MaxIntensityEdge_Fluorescence,Intensity_MaxIntensity_Fluorescence,Intensity_MeanIntensityEdge_Fluorescence,Intensity_MeanIntensity_Fluorescence,Intensity_MedianIntensity_Fluorescence,Intensity_MinIntensityEdge_Fluorescence,Intensity_MinIntensity_Fluorescence,Intensity_StdIntensityEdge_Fluorescence,Intensity_StdIntensity_Fluorescence,Intensity_UpperQuartileIntensity_Fluorescence,Location_CenterMassIntensity_X_Fluorescence,Location_CenterMassIntensity_Y_Fluorescence,Location_CenterMassIntensity_Z_Fluorescence,Location_Center_X,Location_Center_Y,Location_MaxIntensity_X_Fluorescence,Location_MaxIntensity_Y_Fluorescence,Location_MaxIntensity_Z_Fluorescence,Number_Object_Number,Parent_HighSignalRegions
1,1,EF5Day11-1_EF_450ms_CA9_1600ms_Gamma_1_Sphere1_1-Image Export-84_c4.jpg,EF5Day11-1_EF_450ms_CA9_1600ms_Gamma_1_Sphere1_1-Image Export-84_c1.jpg,C:\Overflow\EF5 Consistent staining,C:\Overflow\EF5 Consistent staining,152640,987138,2106,1537,1155,499,1681.4154415618448,1126.5973008385745,61.1738131256806,593144,0.834174890025891,440.8483686125823,55,0.15462883608978684,0.01634686394234599,880.8477040337821,1139.285741155396,58.008620049092706,12.918723334567837,9.899494936611665,713.0521225314777,485.7875110508537,-50.77235644333809,10832.33011668188,0.2573405446232281,811.9380714334548,22640.53056082502,0.10017137229442596,0.03113529086112976,12.427434940262225,0.10128744691610336,0.6315752863883972,0.08554821108770991,0.14832632704943016,0.1254129409790039,0.05386980623006821,0.05386980623006821,0.004596968751942824,0.06838321266843501,0.1720050871372223,1684.604875081644,1138.6084894982048,0.0,1681.4154415618448,1126.5973008385745,1689.0,1148.0,0.0,1,53
2,1,EF5Day11-1_EF_450ms_CA9_1600ms_Gamma_1_Sphere1_2-Image Export-85_c4.jpg,EF5Day11-1_EF_450ms_CA9_1600ms_Gamma_1_Sphere1_2-Image Export-85_c1.jpg,C:\Overflow\EF5 Consistent staining,C:\Overflow\EF5 Consistent staining,16857,626745,2134,1438,1245,733,1554.2218069644657,1060.4726226493444,27.37282448702791,313936,0.760730858004562,146.50255631080518,25,0.026896106071847403,0.03653258363870721,648.0853701022388,1059.0731797189464,26.476404589747453,6.333113960983987,4.47213595499958,412.69365161591145,420.65112206431803,-56.31001401046705,2407.9911242215094,0.05369565771367413,180.03365962579846,1932.9634922407568,0.09370431303977966,0.015426278114318848,0.652254622660962,0.08978274464607239,0.2404678463935852,0.08520286778315118,0.11466829757612605,0.10549960285425186,0.06228627637028694,0.06228627637028694,0.0044928982551004516,0.028226253758823,0.13159725069999695,1553.6999866299702,1060.0812920585524,0.0,1554.2218069644657,1060.4726226493444,1501.0,1120.0,0.0,1,11
4,1,EF5Day11-1_EF_450ms_CA9_1600ms_Gamma_1_Sphere2_2-Image Export-87_c4.jpg,EF5Day11-1_EF_450ms_CA9_1600ms_Gamma_1_Sphere2_2-Image Export-87_c1.jpg,C:\Overflow\EF5 Consistent staining,C:\Overflow\EF5 Consistent staining,1526,26558,1430,1193,1332,922,1372.1802096985584,981.1874180865007,6.636318205421602,14186,0.9148264068779615,44.07906016767892,5,0.05745914602003163,0.15068596306654505,228.71997467622091,275.74626017409554,9.055385138137417,3.2324308129876997,2.8284271247461903,89.06600326306935,92.3679452375837,8.142306663509737,356.73506473629425,0.10757084449457212,26.36791154742241,156.0974925532937,0.08978274464607239,0.010105893015861511,1.8427817848799934,0.0911894142627716,0.1459074467420578,0.08451253701096927,0.10229193483177831,0.09736588597297668,0.059763528406620026,0.059763528406620026,0.00497196965359398,0.0161796959475896,0.11559765040874481,1370.9362271087523,979.8278769790145,0.0,1372.1802096985584,981.1874180865007,1375.0,932.0,0.0,1,4
5,1,EF5Day11-1_EF_450ms_CA9_1600ms_Gamma_1_Sphere3_1-Image Export-88_c4.jpg,EF5Day11-1_EF_450ms_CA9_1600ms_Gamma_1_Sphere3_1-Image Export-88_c1.jpg,C:\Overflow\EF5 Consistent staining,C:\Overflow\EF5 Consistent staining,19824,491385,1987,1361,1372,562,1686.9590395480227,1135.0979620661824,34.99815892754847,264205,0.773822903338177,158.87322220824333,31,0.04034311181660002,0.028572931566776205,584.0612942275184,840.2172338151604,21.02379604162864,5.565671073177167,4.242640687119285,403.22525101402783,369.94560141404463,-22.585292192962566,2952.726188957803,0.0750326451051267,224.5241502225399,2200.087087519467,0.09203764796257019,0.010388627648353577,4.4677859318414255,0.08978274464607239,0.26880547404289246,0.0859916316440214,0.11098098706212,0.10128744691610336,0.05610980466008186,0.05610980466008186,0.004196532086906027,0.02870587089578616,0.12092588096857071,1689.1592834351802,1138.9864113676117,0.0,1686.9590395480227,1135.0979620661824,1745.0,1256.0,0.0,1,16
6,1,EF5Day11-1_EF_450ms_CA9_1600ms_Gamma_1_Sphere3_2-Image Export-89_c4.jpg,EF5Day11-1_EF_450ms_CA9_1600ms_Gamma_1_Sphere3_2-Image Export-89_c1.jpg,C:\Overflow\EF5 Consistent staining,C:\Overflow\EF5 Consistent staining,80,99,1378,1212,1367,1203,1371.9625,1206.5875,1.0654596654486548,86,0.6487549641144025,10.092530088080641,1,0.8080808080808081,0.9385620426831546,11.826233890580259,11.180339887498949,4.123105625617661,1.9087970345939609,2.0,8.0,8.999732882996637,82.96771396579302,32.72792206135786,0.9302325581395349,2.2157826498150826,7.253523804247379,0.08277294039726257,0.009532548487186432,0.03594689055664415,0.08894941210746765,0.11726431548595428,0.07640629826948561,0.09066904755309224,0.09201490134000778,0.056675296276807785,0.056675296276807785,0.008089052215312918,0.013785978512426583,0.10185293853282928,1371.970452004395,1206.5524436943363,0.0,1371.9625,1206.5875,1374.0,1207.0,0.0,1,1
7,1,EF5Day11-1_EF_450ms_CA9_1600ms_Gamma_1_Sphere4_1-Image Export-90_c4.jpg,EF5Day11-1_EF_450ms_CA9_1600ms_Gamma_1_Sphere4_1-Image Export-90_c1.jpg,C:\Overflow\EF5 Consistent staining,C:\Overflow\EF5 Consistent staining,327149,991935,1886,1428,881,441,1373.1591843471936,916.6649813999126,20.666746990308912,651728,0.8842692915972007,645.3983605654447,29,0.32980890884987424,0.04838690871228655,1075.3147353031588,1194.2671392950574,147.07821048680188,45.50670941272769,35.12833614050059,792.8897443373514,502.1475961772019,30.356020503180225,9217.513703397204,0.501971681437655,695.6090403571725,52200.44423285825,0.1032596081495285,0.043213337659835815,19.99452776075182,0.08978274464607239,0.7314866185188293,0.08620758958448042,0.1595616805579667,0.1405792236328125,0.053304314613342285,0.005893725901842117,0.004321413030017399,0.07886515869168126,0.19753725826740265,1372.194504610946,896.693738739979,0.0,1373.1591843471936,916.6649813999126,1694.0,1190.0,0.0,1,7
8,1,EF5Day11-1_EF_450ms_CA9_1600ms_Gamma_1_Sphere4_2-Image Export-91_c4.jpg,EF5Day11-1_EF_450ms_CA9_1600ms_Gamma_1_Sphere4_2-Image Export-91_c1.jpg,C:\Overflow\EF5 Consistent staining,C:\Overflow\EF5 Consistent staining,214213,670344,2154,1367,1253,623,1601.6388594529744,983.4349222502836,23.01083110844111,427223,0.6239313849473942,522.2494256544027,33,0.31955682455575046,0.04345779582177577,649.394455822844,932.3416755674928,148.7615541731129,39.646008569760795,26.019223662515376,628.7391619118436,507.48821280602976,-63.970165934021985,7870.349093728137,0.5014079298165127,589.1221369579434,38998.11605899967,0.11167607456445694,0.04854157567024231,6.175826448666944,0.11559765040874481,0.7340015172958374,0.08561577342798189,0.1820529849215485,0.1518011838197708,0.056675296276807785,0.03114313818514347,0.004402211693457898,0.09933202432049561,0.2225039154291153,1595.5191605909274,984.2656557586452,0.0,1601.6388594529744,983.4349222502836,1575.0,957.0,0.0,1,5
9,1,EF5Day11-4_EF_450ms_CA9_1600ms_Gamma_1_Sphere1_1-Image Export-99_c4.jpg,EF5Day11-4_EF_450ms_CA9_1600ms_Gamma_1_Sphere1_1-Image Export-99_c1.jpg,C:\Overflow\EF5 Consistent staining,C:\Overflow\EF5 Consistent staining,68011,1265418,2029,1801,1116,415,1448.5348252488568,1041.0234814956405,28.746398125788218,561330,0.6492009793162009,294.26908549316414,28,0.053745876856501174,0.03478696689665987,556.0347613682864,1470.532216580106,63.51377803280167,13.97346003710498,10.0,656.5587685177662,422.9294437540272,-68.61457386064183,4956.626909383691,0.12116045819749524,379.6728939600289,8279.764430828393,0.09427765011787415,0.015143528580665588,7.673988125902984,0.13382941484451294,0.4079325497150421,0.08682206584953782,0.12174154814410011,0.10942117869853973,0.05078157037496567,0.05078157037496567,0.003977697871339431,0.044465371493715655,0.1285090297460556,1448.8176567796006,1048.692255848933,0.0,1448.5348252488568,1041.0234814956405,1420.0,1122.0,0.0,1,33
11,1,EF5Day11-4_EF_450ms_CA9_1600ms_Gamma_1_Sphere3-Image Export-101_c4.jpg,EF5Day11-4_EF_450ms_CA9_1600ms_Gamma_1_Sphere3-Image Export-101_c1.jpg,C:\Overflow\EF5 Consistent staining,C:\Overflow\EF5 Consistent staining,256,357,1610,1003,1593,982,1601.7890625,992.42578125,1.1517483461822748,272,0.6327568037616814,18.0540666735282,1,0.7170868347338936,0.8682452232857305,20.675890241131093,20.396078054371138,7.615773105863909,3.115927790600014,2.8284271247461903,16.0,16.010387687641263,-5.729022771538117,60.8700576850888,0.9411764705882353,4.670500248670578,24.368678897619247,0.08978274464607239,0.004494905471801758,0.06932653207378282,0.08978274464607239,0.11334273964166641,0.08812264620133166,0.09519015194382519,0.09427765011787415,0.0799674466252327,0.0799674466252327,0.0020810077461313747,0.006472740806381384,0.09819921851158142,1601.8023148417842,992.4938293468625,0.0,1601.7890625,992.42578125,1602.0,996.0,0.0,1,1
12,1,EF5Day11-4_EF_450ms_CA9_1600ms_Gamma_1_Sphere4-Image Export-102_c4.jpg,EF5Day11-4_EF_450ms_CA9_1600ms_Gamma_1_Sphere4-Image Export-102_c1.jpg,C:\Overflow\EF5 Consistent staining,C:\Overflow\EF5 Consistent staining,194635,1095255,1952,1481,1037,284,1482.6201710894752,1080.4673568474325,46.32227451445969,781059,0.3775415758224272,497.8121922869391,51,0.17770747451506727,0.02158788639983224,650.2473293761323,1245.4244256477389,107.62899237658968,23.7598419950124,15.132745950421556,819.0180754556962,602.1242373869475,-78.91834725060527,10644.134157188986,0.24919372288137004,808.8431920707226,26788.47264901176,0.09736588597297668,0.02329215407371521,2.3546952374026215,0.1032596081495285,0.7303854823112488,0.0867113199046658,0.13763440619113604,0.11756980419158936,0.059763528406620026,0.021319998428225517,0.0033821863923644406,0.057941796603792964,0.16021764278411865,1484.9659816493936,1080.2629981480288,0.0,1482.6201710894752,1080.4673568474325,1596.0,1230.0,0.0,1,47
13,1,EF5Day13-13_EF_450ms_CA9_1600ms_Gamma_1_Sphere1_1-Image Export-121_c4.jpg,EF5Day13-13_EF_450ms_CA9_1600ms_Gamma_1_Sphere1_1-Image Export-121_c1.jpg,C:\Overflow\EF5 Consistent staining,C:\Overflow\EF5 Consistent staining,63579,801520,2217,1208,1285,348,1644.3153871561365,843.2903474417653,86.959290702465,509539,0.5750934714669665,284.5194141262014,73,0.0793230362311608,0.011499633816259422,746.6163833691088,941.4887147491467,30.4138126514911,6.539304689025517,5.0,767.8905082363578,610.7976863255252,-42.89354163877903,8335.271929261862,0.12477749495131873,640.3413081541657,7073.278128795326,0.09203764796257019,0.010388627648353577,5.6496590714137795,0.08978274464607239,0.3588482141494751,0.08703837272722112,0.11125179900274187,0.10017137229442596,0.06537450850009918,0.06537450850009918,0.0029760301683072286,0.0280944332589755,0.12149137258529663,1639.8484692040752,839.8312591756523,0.0,1644.3153871561365,843.2903474417653,1516.0,900.0,0.0,1,68
14,1,EF5Day13-13_EF_450ms_CA9_1600ms_Gamma_1_Sphere1_2-Image Export-122_c4.jpg,EF5Day13-13_EF_450ms_CA9_1600ms_Gamma_1_Sphere1_2-Image Export-122_c1.jpg,C:\Overflow\EF5 Consistent staining,C:\Overflow\EF5 Consistent staining,1064986,1839384,2436,1777,1137,361,1787.2548897356396,1141.5283956784408,18.007762154567967,1374509,0.5209194009018413,1164.466525834608,38,0.5789905751055788,0.05553160861502902,1287.4166247174048,1483.5430563350699,395.60207279537855,118.23386621111557,94.86832980505137,1243.7082648078729,1098.946385329063,-32.08537304734996,15524.11153446687,0.774811951031241,2634.81500685215,352614.9299372509,0.20875921845436096,0.10212861001491547,13.902729158591537,0.2118474543094635,0.7401474118232727,0.1969660616619683,0.33109818339137875,0.29153215885162354,0.13692548871040344,0.019638430327177048,0.009580308644245953,0.17898500782193355,0.4340607821941376,1794.7229181140626,1129.8017409893907,0.0,1787.2548897356396,1141.5283956784408,1978.0,1314.0,0.0,1,18
15,1,EF5Day13-13_EF_450ms_CA9_1600ms_Gamma_1_Sphere2_1-Image Export-123_c4.jpg,EF5Day13-13_EF_450ms_CA9_1600ms_Gamma_1_Sphere2_1-Image Export-123_c1.jpg,C:\Overflow\EF5 Consistent staining,C:\Overflow\EF5 Consistent staining,12215,563200,2011,1401,1211,697,1601.3577568563242,983.0351207531724,31.143952606421777,294158,0.6459493370907076,124.71014809926261,24,0.021688565340909093,0.03210896229638506,660.7795114518403,807.376615960606,30.23243291566195,5.491488745345978,3.605551275463989,563.2702980392091,504.4260493442743,53.99153825933014,2186.444876303172,0.041525302728465656,171.21799401193857,1278.7843469530344,0.0911894142627716,0.004494905471801758,13.887779378857484,0.08978274464607239,0.16946744918823242,0.08771413627660787,0.10468967228432537,0.09427765011787415,0.07098548859357834,0.07098548859357834,0.002539313980092639,0.021321617352723813,0.10942117869853973,1591.8407742784682,972.9209001362091,0.0,1601.3577568563242,983.0351207531724,1489.0,876.0,0.0,1,3
16,1,EF5Day13-13_EF_450ms_CA9_1600ms_Gamma_1_Sphere2_2-Image Export-124_c4.jpg,EF5Day13-13_EF_450ms_CA9_1600ms_Gamma_1_Sphere2_2-Image Export-124_c1.jpg,C:\Overflow\EF5 Consistent staining,C:\Overflow\EF5 Consistent staining,1015753,1698930,2458,1734,1141,444,1782.4275557148244,1083.1503544660957,9.176612021473721,1246240,0.37177019763994745,1137.2321167129319,23,0.5978780762009029,0.10897267942242202,1190.3622111156258,1401.6447481441223,478.7535900648683,146.17445434142556,120.59850745345068,1174.7905757438564,1105.0427524905162,-29.125429139373548,10822.813485483814,0.8150540826807036,1965.6841995120049,357805.4325421378,0.23904627561569214,0.08724509179592133,16.714472865023854,0.23540744185447693,0.7429301738739014,0.21030108050839894,0.35225633844265075,0.3080745041370392,0.1624576449394226,0.042647842317819595,0.006666105427669859,0.15726530938933064,0.44613882899284363,1795.53673207499,1093.519688982529,0.0,1782.4275557148244,1083.1503544660957,1963.0,1330.0,0.0,1,6
17,1,EF5Day13-13_EF_450ms_CA9_1600ms_Gamma_1_Sphere3_1-Image Export-125_c4.jpg,EF5Day13-13_EF_450ms_CA9_1600ms_Gamma_1_Sphere3_1-Image Export-125_c1.jpg,C:\Overflow\EF5 Consistent staining,C:\Overflow\EF5 Consistent staining,59992,662580,2041,1361,1231,543,1719.4933991198827,910.8678823843179,66.64853021523996,450627,0.7286943033369593,276.3768926081772,50,0.09054302876633764,0.015004081812014791,771.6888073329673,906.831847698348,31.827660925679098,6.9005053126303935,5.385164807134504,673.8059341448127,528.4826792215525,-53.183530140254426,7088.378351510912,0.13313006100389013,555.9568157866597,6492.370490834117,0.09203764796257019,0.007583141326904297,10.170251498852624,0.09427765011787415,0.277787446975708,0.08809329991865944,0.10822060426113676,0.09736588597297668,0.07687921822071075,0.07379097491502762,0.0021293326788644333,0.026835244760068586,0.11224156618118286,1727.089758215249,904.1055348596665,0.0,1719.4933991198827,910.8678823843179,1983.0,654.0,0.0,1,14
18,1,EF5Day13-13_EF_450ms_CA9_1600ms_Gamma_1_Sphere3_2-Image Export-126_c4.jpg,EF5Day13-13_EF_450ms_CA9_1600ms_Gamma_1_Sphere3_2-Image Export-126_c1.jpg,C:\Overflow\EF5 Consistent staining,C:\Overflow\EF5 Consistent staining,1126007,1895715,2303,1895,1076,350,1686.2251158296529,1118.923305983,15.93000873163463,1441198,0.567941533826656,1197.3623678939498,30,0.5939748327148332,0.062774604637482,1350.0146541275456,1562.1216341885802,365.16845427829605,114.6076935832662,92.28217596047462,1207.2261956134273,1111.1550763627208,-18.8150524263963,15013.553093239712,0.7812993079368692,2725.913996145129,372222.6315904502,0.2138047069311142,0.10073685646057129,4.126359729325506,0.22306941449642181,0.7412407994270325,0.21064168117959425,0.33056866572805516,0.2892921566963196,0.1478646993637085,0.027481568977236748,0.009186331819997484,0.17707096340956557,0.43126311898231506,1684.2116825866603,1115.3215104319156,0.0,1686.2251158296529,1118.923305983,1916.0,1373.0,0.0,1,24
19,1,EF5Day13-13_EF_450ms_CA9_1600ms_Gamma_1_Sphere4_1-Image Export-127_c4.jpg,EF5Day13-13_EF_450ms_CA9_1600ms_Gamma_1_Sphere4_1-Image Export-127_c1.jpg,C:\Overflow\EF5 Consistent staining,C:\Overflow\EF5 Consistent staining,331476,1080576,2305,1382,1233,374,1772.2415891346584,847.0139406774548,50.491378790594474,748199,0.5917601623244119,649.6524850492244,63,0.3067586176261549,0.019805361310241736,830.9939085391434,1072.6793556324276,178.22738285684386,42.01802673697493,24.413111231467404,948.860385022379,669.875890228213,-61.59579868652289,14502.39039614295,0.44303186719041326,1108.086375016719,42676.23155167699,0.09484314173460007,0.01992117613554001,8.822924294386318,0.10128744691610336,0.4682921767234802,0.08703843963684857,0.12874606774450334,0.11167607456445694,0.06228627637028694,0.03647137060761452,0.003210887043907012,0.051105462823977425,0.14281921088695526,1764.588419972228,851.4040425983327,0.0,1772.2415891346584,847.0139406774548,1517.0,784.0,0.0,1,28
20,1,EF5Day13-13_EF_450ms_CA9_1600ms_Gamma_1_Sphere4_2-Image Export-128_c4.jpg,EF5Day13-13_EF_450ms_CA9_1600ms_Gamma_1_Sphere4_2-Image Export-128_c1.jpg,C:\Overflow\EF5 Consistent staining,C:\Overflow\EF5 Consistent staining,967567,1697916,2401,1814,1047,560,1771.563901001171,1203.7879299314673,11.92142128116873,1225814,0.5438341290668746,1109.9299827379957,17,0.5698556347899425,0.08388261570620076,1238.4677490012955,1421.5924169747109,361.64347083833826,101.89605713113414,80.75270893288967,1184.431452903236,1039.3131327603282,48.54648400680475,12039.528347684576,0.789326113097093,1950.824639737606,326459.11462372914,0.22026392817497253,0.09736591577529907,10.515365569505159,0.21463018655776978,0.7395819425582886,0.18757929228246212,0.3374020761598206,0.30612507462501526,0.12148430943489075,0.017666272819042206,0.009550701904319664,0.15906262450917644,0.4307047128677368,1761.7915163514429,1199.9054807923164,0.0,1771.563901001171,1203.7879299314673,1675.0,920.0,0.0,1,3
21,1,EF5Day13-4_EF_450ms_CA9_1600ms_Gamma_1_Sphere1-Image Export-107_c4.jpg,EF5Day13-4_EF_450ms_CA9_1600ms_Gamma_1_Sphere1-Image Export-107_c1.jpg,C:\Overflow\EF5 Consistent staining,C:\Overflow\EF5 Consistent staining,729506,1812070,2241,1661,863,346,1607.6882424544829,886.8207362242395,22.56206477299658,1368896,0.5486941725089419,963.7613227981135,66,0.40258157797436084,0.044322184607715975,1092.1220821596892,1663.3321977284033,347.588837565305,101.64839485189027,79.64923100695951,1136.8274675808227,913.0393418217054,-53.30291439508042,14381.652372813827,0.5329155757632428,1233.4309839457273,176678.06668845564,0.13887488842010498,0.07183372974395752,34.75450106473641,0.1428113728761673,0.7362486124038696,0.09825786536650422,0.2421886409274984,0.19753725826740265,0.07716196030378342,0.05386980623006821,0.00402090077383972,0.1366666940921992,0.3092133402824402,1617.4816434668019,920.1668700461786,0.0,1607.6882424544829,886.8207362242395,1680.0,848.0,0.0,1,8
22,1,EF5Day13-4_EF_450ms_CA9_1600ms_Gamma_1_Sphere2_1-Image Export-108_c4.jpg,EF5Day13-4_EF_450ms_CA9_1600ms_Gamma_1_Sphere2_1-Image Export-108_c1.jpg,C:\Overflow\EF5 Consistent staining,C:\Overflow\EF5 Consistent staining,527590,1460420,2263,1768,893,702,1391.76528743911,1280.3212001743777,44.88459710061175,1025699,0.6457485319490966,819.6026179843648,63,0.3612590898508648,0.022279357833121124,1110.058005403273,1383.1015870137667,190.68560512005095,53.53572604350141,38.07886552931954,993.3150829156909,847.584957930439,47.710516028420145,17250.507458066015,0.5143711751693235,1316.0712910369039,98807.83186126873,0.108587846159935,0.06171293556690216,33.4776935518735,0.09819921851158142,0.7334282398223877,0.08697272607962621,0.1872814720924747,0.1633058786392212,0.056392550468444824,0.03225921839475632,0.0035306281945073317,0.09553871840987015,0.24101842939853668,1358.2981668471512,1279.4798887953727,0.0,1391.76528743911,1280.3212001743777,1468.0,1501.0,0.0,1,7
24,1,EF5Day13-4_EF_450ms_CA9_1600ms_Gamma_1_Sphere3_1-Image Export-110_c4.jpg,EF5Day13-4_EF_450ms_CA9_1600ms_Gamma_1_Sphere3_1-Image Export-110_c1.jpg,C:\Overflow\EF5 Consistent staining,C:\Overflow\EF5 Consistent staining,627655,1586520,2200,1733,796,603,1413.446348710677,1217.7537373238483,72.81112846589346,1176694,0.5237779168334421,893.9547899366884,75,0.3956174520333812,0.013734164283258223,1204.9175158205278,1404.3254608530033,179.96944185055418,43.37924950807619,29.0,1128.645854059355,1026.4148356205592,62.87978094641393,23964.275815990408,0.533405456303848,1798.2861908525229,122504.18317805976,0.1032596081495285,0.048541560769081116,60.767695860835794,0.0965176522731781,0.7429003715515137,0.086104198748026,0.19517757873044866,0.14281921088695526,0.05049882456660271,0.017666272819042206,0.004202689381877517,0.1310134917819197,0.24493999779224396,1357.352611516311,1241.1247772622944,0.0,1413.446348710677,1217.7537373238483,1627.0,1594.0,0.0,1,9
25,1,EF5Day13-4_EF_450ms_CA9_1600ms_Gamma_1_Sphere3_2-Image Export-111_c4.jpg,EF5Day13-4_EF_450ms_CA9_1600ms_Gamma_1_Sphere3_2-Image Export-111_c1.jpg,C:\Overflow\EF5 Consistent staining,C:\Overflow\EF5 Consistent staining,365331,1268496,2218,1412,1114,263,1648.8044704665085,894.8414150455341,72.3800610091965,949359,0.6107183291713487,682.0219029603388,102,0.2880032731675938,0.013815959617289375,885.0111217258009,1298.9245551609224,189.70766985021982,41.390070922226485,20.615528128088304,1037.6866173930064,700.7942125657413,-20.057567401494993,18228.782674066235,0.38481859865446055,1398.2688880115747,45702.16067605838,0.09427765011787415,0.017949022352695465,7.60843023182762,0.11756980419158936,0.4248109757900238,0.08736996300997094,0.1250979541184799,0.11167607456445694,0.0678972527384758,0.04516274109482765,0.0027372285316366917,0.04363623825884476,0.1405792236328125,1651.431446328453,901.9819478277115,0.0,1648.8044704665085,894.8414150455341,1784.0,1004.0,0.0,1,61
26,1,EF5Day13-4_EF_450ms_CA9_1600ms_Gamma_1_Sphere4-Image Export-112_c4.jpg,EF5Day13-4_EF_450ms_CA9_1600ms_Gamma_1_Sphere4-Image Export-112_c1.jpg,C:\Overflow\EF5 Consistent staining,C:\Overflow\EF5 Consistent staining,799398,2460984,2457,1780,776,316,1474.861811012787,1172.620289267674,29.545613606759957,1504700,0.4845223196263336,1008.8732058996312,56,0.3248286051433085,0.03384597163252696,1124.8196987465112,1685.8232410309213,362.2181663031273,101.1965214421725,76.27581530209953,1260.0031532337434,983.9685374168484,55.92312327461074,17227.92480968997,0.5312673622649033,1330.6840713769197,163583.73291816283,0.108587846159935,0.05667528510093689,51.021296791231336,0.11559765040874481,0.7390015125274658,0.08873001742861371,0.20463365297156463,0.1546066701412201,0.06480901688337326,0.013171372935175896,0.003411483636420999,0.14944775306781521,0.25111648440361023,1430.680666177863,1198.138893605184,0.0,1474.861811012787,1172.620289267674,1770.0,1187.0,0.0,1,11
27,1,EF5Day7-13_EF_450ms_CA9_1600ms_Gamma_1_Sphere1-Image Export-61_c4.jpg,EF5Day7-13_EF_450ms_CA9_1600ms_Gamma_1_Sphere1-Image Export-61_c1.jpg,C:\Overflow\EF5 Consistent staining,C:\Overflow\EF5 Consistent staining,1096,1292,1731,1157,1693,1123,1712.065693430657,1139.0802919708028,1.1091807559421818,1126,0.5344401339573724,37.355997390375464,1,0.848297213622291,0.9015663088660069,40.8719280109915,41.400483088968905,16.0312195418814,6.239601817831689,5.656854249492381,32.668333290818495,34.54521234536561,-71.19844515402713,123.59797974644667,0.9733570159857904,9.509772546589375,138.06768087297678,0.09960588067770004,0.023559994995594025,0.5305005175810663,0.08978274464607239,0.18938863277435303,0.08490868345169085,0.12597416138045325,0.12092588096857071,0.0678972527384758,0.0678972527384758,0.00394836284799784,0.030358999420957808,0.14982901513576508,1712.4479905682076,1138.7124880858664,0.0,1712.065693430657,1139.0802919708028,1716.0,1136.0,0.0,1,1
30,1,EF5Day7-13_EF_450ms_CA9_1600ms_Gamma_1_Sphere4-Image Export-64_c4.jpg,EF5Day7-13_EF_450ms_CA9_1600ms_Gamma_1_Sphere4-Image Export-64_c1.jpg,C:\Overflow\EF5 Consistent staining,C:\Overflow\EF5 Consistent staining,996,1365,1161,1179,1126,1140,1142.5973895582329,1157.5853413654618,1.172758718819296,1049,0.5972968124355874,35.61104585035691,1,0.7296703296703296,0.8526903138326483,40.12895027619665,40.162171256046406,15.0,5.758533142069151,5.0,32.1288789854994,32.18423164449315,-29.93091696562977,121.15432893255071,0.9494756911344138,9.18444362282753,100.9917601570487,0.09427765011787415,0.008133724331855774,0.0898899313150634,0.08978274464607239,0.11783764511346817,0.08747089164597648,0.10139734955526979,0.10241137444972992,0.08275018632411957,0.08275018632411957,0.0023320396261877286,0.008965497786232804,0.10942117869853973,1142.5423060953033,1157.5143060794167,0.0,1142.5973895582329,1157.5853413654618,1139.0,1158.0,0.0,1,1
32,1,EF5Day7-6_EF_450ms_CA9_1600ms_Gamma_1_Sphere2-Image Export-56_c4.jpg,EF5Day7-6_EF_450ms_CA9_1600ms_Gamma_1_Sphere2-Image Export-56_c1.jpg,C:\Overflow\EF5 Consistent staining,C:\Overflow\EF5 Consistent staining,175,560,1814,550,1794,522,1803.32,535.7257142857143,2.172039836832348,316,0.963108854689537,14.927053303604616,2,0.3125,0.46039671236342355,40.20360302471821,30.528675044947494,4.47213595499958,1.9514837947226287,2.0,11.180339887498949,10.81927690792968,-24.154424746297273,69.11269837220809,0.5537974683544303,5.16227862238884,16.051033280789852,0.08781058341264725,0.004636283963918686,0.028680734712726738,0.08978274464607239,0.10604235529899597,0.086037977039814,0.09172019017594202,0.0911894142627716,0.07716196030378342,0.07716196030378342,0.0032390899554874506,0.0057285400066814,0.09713676944375038,1803.3153882175736,535.7540218113305,0.0,1803.32,535.7257142857143,1798.0,546.0,0.0,1,2
33,1,EF5Day7-6_EF_450ms_CA9_1600ms_Gamma_1_Sphere3-Image Export-57_c4.jpg,EF5Day7-6_EF_450ms_CA9_1600ms_Gamma_1_Sphere3-Image Export-57_c1.jpg,C:\Overflow\EF5 Consistent staining,C:\Overflow\EF5 Consistent staining,139,180,1006,811,991,799,998.7697841726618,804.4532374100719,1.0982558490192396,148,0.6263370040411037,13.303394180365686,1,0.7722222222222223,0.9105346453588354,15.28493598487565,14.866068747318506,5.0990195135927845,2.3610817530329973,2.0,11.0,11.915408658529797,-87.94767557073723,43.798989873223334,0.9391891891891891,3.1598335653543472,12.983286947011948,0.08586116880178452,0.006039023399353027,0.003481138328514723,0.08978274464607239,0.11388549208641052,0.08315351487774598,0.09340494206483416,0.09427765011787415,0.07321764528751373,0.07321764528751373,0.004484163265720211,0.008392338256056063,0.10017137229442596,998.7728213011467,804.4549386374608,0.0,998.7697841726618,804.4532374100719,995.0,805.0,0.0,1,1
34,1,EF5Day9-11_EF_450ms_CA9_1600ms_Gamma_1_Sphere1_1-Image Export-76_c4.jpg,EF5Day9-11_EF_450ms_CA9_1600ms_Gamma_1_Sphere1_1-Image Export-76_c1.jpg,C:\Overflow\EF5 Consistent staining,C:\Overflow\EF5 Consistent staining,233762,405760,1891,1507,1257,867,1578.7524362385675,1197.237095849625,9.086964446337397,315805,0.2679801411437791,545.5593665737773,10,0.5761090299684543,0.11004775091896185,577.7635500564509,700.8031107236897,198.75864761061342,57.770042275078914,44.01136216933077,614.482216758608,556.6315223756759,16.453594456293313,5166.5579336128785,0.7402099396779658,390.59342793375254,39296.12176607177,0.10942117869853973,0.04349607229232788,9.853100740186512,0.08978274464607239,0.5639686584472656,0.0864718680393519,0.1681031209780536,0.1459074467420578,0.06228627637028694,0.025532158091664314,0.0035285867992653035,0.07708382504272844,0.20819371938705444,1588.10662132628,1200.3327081543364,0.0,1578.7524362385675,1197.237095849625,1830.0,1353.0,0.0,1,1
35,1,EF5Day9-11_EF_450ms_CA9_1600ms_Gamma_1_Sphere2-Image Export-77_c4.jpg,EF5Day9-11_EF_450ms_CA9_1600ms_Gamma_1_Sphere2-Image Export-77_c1.jpg,C:\Overflow\EF5 Consistent staining,C:\Overflow\EF5 Consistent staining,169627,352160,1877,1599,1309,979,1584.3522906141122,1292.2009290973724,19.95809885614406,262042,0.5476410879305436,464.7319703385936,19,0.48167594275329395,0.05010497278362524,553.4308257773074,637.5201957585343,137.56816492197603,34.47828857535076,22.627416997969522,543.6923135854522,463.06296312053547,4.634764685637843,6522.468755306532,0.6473275276482396,491.8411834202707,21944.530704583973,0.09736588597297668,0.024989411234855652,3.631507399744384,0.08978274464607239,0.3501717746257782,0.08646996895574378,0.12936932625457015,0.11726431548595428,0.06200353056192398,0.03647137060761452,0.003530866841084489,0.04441446328595306,0.15515725314617157,1587.7852977526354,1291.0167382422958,0.0,1584.3522906141122,1292.2009290973724,1659.0,1169.0,0.0,1,17
36,1,EF5Day9-11_EF_450ms_CA9_1600ms_Gamma_1_Sphere3-Image Export-78_c4.jpg,EF5Day9-11_EF_450ms_CA9_1600ms_Gamma_1_Sphere3-Image Export-78_c1.jpg,C:\Overflow\EF5 Consistent staining,C:\Overflow\EF5 Consistent staining,95578,332741,1979,1410,1350,881,1652.8108560547407,1136.879323693737,19.227359341148528,197312,0.6700353216180088,348.8462257309048,15,0.2872444333580773,0.052009221976722364,481.40644365165224,638.8059173176154,77.00649323271382,19.824803660345314,14.866068747318506,431.07800676650703,357.36206881969775,-59.75030522217692,4805.556887592352,0.4844003405773597,359.8238884322345,12243.267033789307,0.09736588597297668,0.02272666245698929,12.119624577036891,0.09427765011787415,0.33920976519584656,0.08589732356940429,0.12809712521489575,0.11700431257486343,0.056392550468444824,0.045736078172922134,0.004037834228302422,0.04143801181660293,0.14926351606845856,1662.7975889772583,1130.0127040433836,0.0,1652.8108560547407,1136.879323693737,1651.0,1064.0,0.0,1,3
37,1,EF5Day9-11_EF_450ms_CA9_1600ms_Gamma_1_Sphere4-Image Export-79_c4.jpg,EF5Day9-11_EF_450ms_CA9_1600ms_Gamma_1_Sphere4-Image Export-79_c1.jpg,C:\Overflow\EF5 Consistent staining,C:\Overflow\EF5 Consistent staining,110895,482216,2061,1366,1429,603,1623.8590288110374,1067.1378060327336,11.639765184086498,240671,0.8464048642950432,375.76042808338116,12,0.22996955721087645,0.08591238604771573,623.4107302204036,980.3290263987902,98.02040603874276,30.938367667384846,24.698178070456937,403.0827218716867,331.991123404114,-33.38714654252614,4027.476585064497,0.4607742519871526,305.44057957828045,13924.914401974529,0.09736588597297668,0.02020391821861267,2.2409926065545833,0.08978274464607239,0.38299646973609924,0.08664980980944126,0.12556846027300175,0.11334273964166641,0.06509176641702652,0.028620392084121704,0.003596934395900735,0.04500660065836016,0.14281921088695526,1622.8582308776506,1065.1326997115723,0.0,1623.8590288110374,1067.1378060327336,1607.0,1017.0,0.0,1,8
38,1,EF5Day9-6_EF_450ms_CA9_1600ms_Gamma_1_Sphere1-Image Export-71_c4.jpg,EF5Day9-6_EF_450ms_CA9_1600ms_Gamma_1_Sphere1-Image Export-71_c1.jpg,C:\Overflow\EF5 Consistent staining,C:\Overflow\EF5 Consistent staining,74322,1379784,2393,1485,1189,339,1475.7062377223433,1001.6559296036166,47.89208961900022,962713,0.6875314641106934,307.6194230600642,36,0.05386495277521699,0.02088027496723113,733.5156029901032,1502.4686352799515,50.32891812864648,10.739623671242644,7.615773105863909,900.4903252361145,532.6457205739625,7.032011695834775,6687.988524566177,0.07720057795002248,511.36489966511726,8609.184723593295,0.09427765011787415,0.012903526425361633,16.811704111929952,0.08978274464607239,0.7334360480308533,0.08689293112406411,0.11583628970686062,0.10718117654323578,0.03423137217760086,0.03423137217760086,0.004596268293285978,0.044829435459931205,0.12289803475141525,1492.1620725084617,1005.0966993778179,0.0,1475.7062377223433,1001.6559296036166,2365.0,1097.0,0.0,1,16
39,1,EF5Day9-6_EF_450ms_CA9_1600ms_Gamma_1_Sphere2-Image Export-72_c4.jpg,EF5Day9-6_EF_450ms_CA9_1600ms_Gamma_1_Sphere2-Image Export-72_c1.jpg,C:\Overflow\EF5 Consistent staining,C:\Overflow\EF5 Consistent staining,16674,535773,1980,1451,1329,628,1521.4675542761186,1055.2072088281157,24.325271547167088,373871,0.7761113423662476,145.705168641727,23,0.031121389095755105,0.0411095102499055,877.502079504646,833.4272613731806,38.27531841800928,7.738572190704436,5.0,633.5177295373759,553.3492102051495,-4.523288270984285,2257.6347391416557,0.04459827052646501,174.548278324306,2098.9244348928332,0.0911894142627716,0.008148632943630219,28.6742399022419,0.1021207794547081,0.4999474585056305,0.0869697450544624,0.1258800788588721,0.09736588597297668,0.0678972527384758,0.0678972527384758,0.0038936297268719923,0.05062730069909014,0.15964430570602417,1499.9987528034221,1036.1992474093504,0.0,1521.4675542761186,1055.2072088281157,1586.0,1106.0,0.0,1,14
40,1,EF5Day11-17_EF_450ms_CA9_1600ms_Gamma_1_Sphere1_1-Image Export-01_c4.jpg,EF5Day11-17_EF_450ms_CA9_1600ms_Gamma_1_Sphere1_1-Image Export-01_c1.jpg,C:\Overflow\EF5 Consistent staining\Rep 3 following day,C:\Overflow\EF5 Consistent staining\Rep 3 following day,81763,506220,1777,1382,919,792,1153.4615902058388,1080.4200188349253,15.45585950833561,308239,0.1909977046365721,322.6513364239812,13,0.1615167318557149,0.06470038107299583,495.2619269571608,906.2389309668836,61.40032573203501,17.739183253935607,14.035668847618199,546.1424143133792,486.1443942213915,68.50983865558867,3985.014644287371,0.26525845204532844,306.0970866009593,10867.732749395072,0.10128744691610336,0.02272666245698929,7.508938270529519,0.08978274464607239,0.3754211962223053,0.08758142678139036,0.13291749017764848,0.12092588096857071,0.06509176641702652,0.06509176641702652,0.0026565932751693206,0.04217032214461523,0.14982901513576508,1153.7043699784483,1072.9150063810625,0.0,1153.4615902058388,1080.4200188349253,1189.0,912.0,0.0,1,10
41,1,EF5Day11-17_EF_450ms_CA9_1600ms_Gamma_1_Sphere1_2-Image Export-02_c4.jpg,EF5Day11-17_EF_450ms_CA9_1600ms_Gamma_1_Sphere1_2-Image Export-02_c1.jpg,C:\Overflow\EF5 Consistent staining\Rep 3 following day,C:\Overflow\EF5 Consistent staining\Rep 3 following day,1821,23009,1644,1312,1471,1179,1597.056562328391,1273.4816035145525,2.028276819702013,6770,0.9877033287901609,48.15152345422449,2,0.07914294406536572,0.4930293489953292,265.6855064989877,206.81634364817495,20.09975124224178,6.5743949304625255,5.385164807134504,46.72764999034663,41.53721999646312,53.899036893592566,215.4386001800126,0.2689807976366322,15.162100307643414,265.924231775105,0.10128744691610336,0.03999116271734238,10.061724716449428,0.08978274464607239,0.2468894124031067,0.07938272412378751,0.1460319779105464,0.1494123414158821,0.05610980466008186,0.05610980466008186,0.007387083133902972,0.04545584704992236,0.18546510487794876,1605.3681556758265,1279.1522049197365,0.0,1597.056562328391,1273.4816035145525,1626.0,1298.0,0.0,1,2
42,1,EF5Day11-17_EF_450ms_CA9_1600ms_Gamma_1_Sphere2_1-Image Export-12_c4.jpg,EF5Day11-17_EF_450ms_CA9_1600ms_Gamma_1_Sphere2_1-Image Export-12_c1.jpg,C:\Overflow\EF5 Consistent staining\Rep 3 following day,C:\Overflow\EF5 Consistent staining\Rep 3 following day,145035,887876,2118,1516,931,768,1226.2400386113698,1128.8220567449237,14.81138325513104,633284,0.5488069086746414,429.7258397753902,21,0.16335051290946034,0.06751563866619781,572.2396291282939,1252.6216507788774,135.34031180694095,37.49226686025895,28.0,664.7972970617723,478.363230061928,-81.74272526805298,5195.641194733564,0.2290204710682727,390.64825914800167,24504.443608496338,0.10942117869853973,0.04040783643722534,8.75528512094362,0.12484744936227798,0.5897834897041321,0.08619776238923249,0.16895538048399586,0.14281921088695526,0.06537450850009918,0.04797608032822609,0.0037949834579621097,0.08120605952101898,0.20286549627780914,1222.637176698548,1136.8016810209253,0.0,1226.2400386113698,1128.8220567449237,1161.0,1120.0,0.0,1,10
43,1,EF5Day11-17_EF_450ms_CA9_1600ms_Gamma_1_Sphere2_2-Image Export-03_c4.jpg,EF5Day11-17_EF_450ms_CA9_1600ms_Gamma_1_Sphere2_2-Image Export-03_c1.jpg,C:\Overflow\EF5 Consistent staining\Rep 3 following day,C:\Overflow\EF5 Consistent staining\Rep 3 following day,73743,368072,1831,1469,1169,913,1521.265869302849,1169.7274453168436,47.18049165425848,226940,0.6837112163028036,306.4188371288637,31,0.20034938816318545,0.021195200917533054,529.9027362822148,661.3025026415672,49.9799959983992,9.363499537416565,7.211102550927978,481.34231228536726,386.6979414818356,26.137815494186068,6612.20887067671,0.3249449193619459,497.6572684273124,9020.853682518005,0.09427765011787415,0.016259603202342987,5.7614800401783866,0.09370431303977966,0.4133062958717346,0.0863838341307607,0.12232827092087392,0.1074490174651146,0.06509176641702652,0.045736078172922134,0.003603319174055053,0.046049662062365854,0.13440273702144623,1515.5063910201693,1169.5755829952689,0.0,1521.265869302849,1169.7274453168436,1432.0,994.0,0.0,1,18
44,1,EF5Day11-17_EF_450ms_CA9_1600ms_Gamma_1_Sphere3_1-Image Export-13_c4.jpg,EF5Day11-17_EF_450ms_CA9_1600ms_Gamma_1_Sphere3_1-Image Export-13_c1.jpg,C:\Overflow\EF5 Consistent staining\Rep 3 following day,C:\Overflow\EF5 Consistent staining\Rep 3 following day,107662,490100,1792,1437,1067,761,1287.6720941464955,1151.7270253199829,18.48322883874652,331165,0.5411412484673188,370.2425095329777,24,0.21967353601305856,0.0541031011802274,546.3899167204374,861.4690940480685,98.3107318658548,26.97370514984816,18.82812824608457,561.9842945910738,459.4766096986125,-20.090351657083843,5000.634052058627,0.3251007805776577,376.9626315012574,14516.79558660835,0.10128744691610336,0.026648230850696564,8.344151550098616,0.08978274464607239,0.37766826152801514,0.08614319732661276,0.13483676307897263,0.12484744936227798,0.06285176426172256,0.045736078172922134,0.0037827877522707614,0.04292699790848991,0.1571294069290161,1282.8100278417471,1144.9457882396823,0.0,1287.6720941464955,1151.7270253199829,1281.0,1095.0,0.0,1,10
45,1,EF5Day11-17_EF_450ms_CA9_1600ms_Gamma_1_Sphere3_2-Image Export-04_c4.jpg,EF5Day11-17_EF_450ms_CA9_1600ms_Gamma_1_Sphere3_2-Image Export-04_c1.jpg,C:\Overflow\EF5 Consistent staining\Rep 3 following day,C:\Overflow\EF5 Consistent staining\Rep 3 following day,7726,85250,1679,1293,1338,1043,1502.3431271032875,1149.0999223401502,15.784773320677791,50654,0.8874961743960851,99.18189715176791,9,0.09062756598240469,0.06335219262794332,345.0536246611112,351.96732802917944,18.439088914585774,4.764903826329844,4.0,233.29024230791612,159.0059145798414,80.98907685031963,1237.9453095790604,0.1525249733486003,93.62127867341042,791.66551014781,0.0911894142627716,0.007583141326904297,0.3765902668498923,0.08978274464607239,0.19470903277397156,0.08596995286814547,0.10246770775922986,0.09736588597297668,0.06396784633398056,0.06396784633398056,0.003959323999399911,0.01733666876895808,0.108587846159935,1502.0744421145882,1149.3637946690021,0.0,1502.3431271032875,1149.0999223401502,1503.0,1161.0,0.0,1,10
46,1,EF5Day11-17_EF_450ms_CA9_1600ms_Gamma_1_Sphere4_1-Image Export-05_c4.jpg,EF5Day11-17_EF_450ms_CA9_1600ms_Gamma_1_Sphere4_1-Image Export-05_c1.jpg,C:\Overflow\EF5 Consistent staining\Rep 3 following day,C:\Overflow\EF5 Consistent staining\Rep 3 following day,109450,490100,1688,1448,963,772,1185.6605847418912,1163.8215440840565,18.668743428211815,331231,0.5401409932183228,373.30425683517666,21,0.22332177106712917,0.053565469140725394,550.2517948452402,861.7342977971806,98.48857801796105,27.000821950526397,18.601075237738275,561.4611139776003,463.077901480504,-19.01126033241263,5067.22698117119,0.330434047537821,379.17344484478235,14852.953917838633,0.10241137444972992,0.02750431001186371,8.593524669877311,0.08978274464607239,0.3815898299217224,0.08613662990567522,0.13570538070204324,0.12570352852344513,0.06285176426172256,0.045736078172922134,0.003649614123785027,0.04362315336259022,0.15907882153987885,1180.4933913514708,1156.9550472539556,0.0,1185.6605847418912,1163.8215440840565,1178.0,1106.0,0.0,1,10
48,1,EF5Day13-10_EF5_450ms_CA9_1600ms_Gamma_1_Sphere1_1-Image Export-21_c4.jpg,EF5Day13-10_EF5_450ms_CA9_1600ms_Gamma_1_Sphere1_1-Image Export-21_c1.jpg,C:\Overflow\EF5 Consistent staining\Rep 3 following day,C:\Overflow\EF5 Consistent staining\Rep 3 following day,188,357,1052,1192,1031,1175,1038.9468085106382,1182.622340425532,1.6292911304536108,228,0.8722704854821977,15.471555655790098,1,0.5266106442577031,0.613763851842482,23.693448425392603,23.323807579381203,5.0,2.233417604210158,2.0,11.371354022617197,11.58665832335296,-57.75410039251089,62.04163056034262,0.8245614035087719,4.7011629194021225,17.29886467754841,0.08894941210746765,0.00422707200050354,0.028728060647336184,0.08978274464607239,0.10549960285425186,0.08547568944367495,0.09201523764653409,0.09232039749622345,0.07321764528751373,0.07321764528751373,0.003592238113839001,0.005626517961385028,0.09708313643932343,1038.9181248970456,1182.6239378546618,0.0,1038.9468085106382,1182.622340425532,1041.0,1181.0,0.0,1,1
51,1,EF5Day7-10_EF_450ms_CA9_1600ms_Gamma_1_Sphere1-Image Export-42_c4.jpg,EF5Day7-10_EF_450ms_CA9_1600ms_Gamma_1_Sphere1-Image Export-42_c1.jpg,C:\Overflow\EF5 Consistent staining\Rep 3 following day,C:\Overflow\EF5 Consistent staining\Rep 3 following day,1488,1989,1838,1306,1799,1255,1818.4717741935483,1280.53561827957,1.1603041635331326,1528,0.6978280033390956,43.52677845379694,1,0.7481146304675717,0.8618429817186852,51.65518774271208,50.80354318352215,18.35755975068582,7.014074699945647,6.324555320336759,36.67527057429997,36.998822070609314,-14.484831183306916,147.29646455628165,0.9738219895287958,10.021992165595293,334.6358713544905,0.11502430588006973,0.09736589342355728,1.2020475109462647,0.08978274464607239,0.5039223432540894,0.07891332413854561,0.22488969849092105,0.19948667287826538,0.056675296276807785,0.056675296276807785,0.006170250912547598,0.11911649451360695,0.3274450898170471,1819.153333922879,1279.545469526136,0.0,1818.4717741935483,1280.53561827957,1824.0,1277.0,0.0,1,1
54,1,EF5Day9-14_EF5_450ms_CA9_1600ms_Gamma_1_Sphere1_1-Image Export-28_c4.jpg,EF5Day9-14_EF5_450ms_CA9_1600ms_Gamma_1_Sphere1_1-Image Export-28_c1.jpg,C:\Overflow\EF5 Consistent staining\Rep 3 following day,C:\Overflow\EF5 Consistent staining\Rep 3 following day,695,28840,1237,1377,1134,1097,1191.506474820144,1237.788489208633,4.273674190408721,11354,0.9953016529053579,29.747293718772774,3,0.024098474341192788,0.23399069639989634,525.4397542828023,282.29417280560364,7.810249675906654,2.6777823479415934,2.23606797749979,51.768123119652266,50.87445360808621,13.19864347717048,193.19595949289334,0.06121190769772767,14.467420250177383,65.99600668996572,0.08921725302934647,0.004777655005455017,5.001381687304226,0.08978274464607239,0.12597842514514923,0.08510247205986696,0.09495828300714493,0.09399490803480148,0.0712682381272316,0.0712682381272316,0.004272211273813214,0.009358518648661805,0.09819921851158142,1192.6172365982143,1242.6649661187066,0.0,1191.506474820144,1237.788489208633,1215.0,1365.0,0.0,1,4
57,1,EF5Day9-14_EF5_450ms_CA9_1600ms_Gamma_1_Sphere2_2-Image Export-30_c4.jpg,EF5Day9-14_EF5_450ms_CA9_1600ms_Gamma_1_Sphere2_2-Image Export-30_c1.jpg,C:\Overflow\EF5 Consistent staining\Rep 3 following day,C:\Overflow\EF5 Consistent staining\Rep 3 following day,20244,125800,1755,1339,1415,969,1563.8192550879273,1161.646265560166,18.129109184934723,75620,0.8410641575591117,160.5473803698417,16,0.1609220985691574,0.05515990828887496,367.75807857205757,371.856154984693,30.0,7.453159788124265,6.082762530298219,276.218496533158,198.93335514206026,46.815311926463956,2147.540330732677,0.26770695583179055,162.96938029676676,2215.436258263886,0.09427765011787415,0.011221960186958313,6.297816694406184,0.08978274464607239,0.19753725826740265,0.08636427148742276,0.10943668535190111,0.1032596081495285,0.06285176426172256,0.06285176426172256,0.003528639819950108,0.021109625526684574,0.11951921135187149,1567.4292307969665,1166.8067471749466,0.0,1563.8192550879273,1161.646265560166,1602.0,1170.0,0.0,1,3
59,1,EF5Day9-14_EF5_450ms_CA9_1600ms_Gamma_1_Sphere3_2-Image Export-32_c4.jpg,EF5Day9-14_EF5_450ms_CA9_1600ms_Gamma_1_Sphere3_2-Image Export-32_c1.jpg,C:\Overflow\EF5 Consistent staining\Rep 3 following day,C:\Overflow\EF5 Consistent staining\Rep 3 following day,484,13140,1596,1251,1416,1178,1463.4876033057851,1199.6280991735537,3.066522272245418,3219,0.9980265137785017,24.824341676101277,2,0.036834094368340946,0.32610231109385157,275.8970124219599,189.49670181826386,7.280109889280518,2.7137733794902963,2.23606797749979,20.47885027815084,17.324658015387005,70.76690646939231,136.5685424949238,0.15035725380552967,10.518373027443886,44.898369029164314,0.08978274464607239,0.0033560767769813538,0.6380010230151724,0.08978274464607239,0.10549960285425186,0.08765310856203239,0.09276522526686842,0.09313882142305374,0.0799674466252327,0.0799674466252327,0.002489224113774988,0.004418232367110249,0.09706039726734161,1462.8943298662257,1199.3934250776638,0.0,1463.4876033057851,1199.6280991735537,1423.0,1185.0,0.0,1,1
61,1,EF5Day13-15_EF_450ms_CA9_1600ms_Gamma_1_Sphere1_1-Image Export-02_c4.jpg,EF5Day13-15_EF_450ms_CA9_1600ms_Gamma_1_Sphere1_1-Image Export-02_c1.jpg,C:\Overflow\EF5 Consistent staining\Rep 3 following day\Follow up with this template,C:\Overflow\EF5 Consistent staining\Rep 3 following day\Follow up with this template,424529,1352010,2123,1553,1001,348,1451.4239474806197,925.0442702383111,30.09637942512983,1059094,0.6849775816269612,735.2054887491482,45,0.31399841717147065,0.03322658801825915,980.1621632636959,1334.6175482137196,190.06577808748213,47.55235346515877,33.60059523282288,1091.0526192846935,714.1110079612306,-36.647130657636424,12671.141479332673,0.40084166277969663,962.7608277797699,73039.97393175587,0.10942117869853973,0.040125101804733276,13.452704269150937,0.08978274464607239,0.7345521450042725,0.08668054630231115,0.1720494334468455,0.14281921088695526,0.06929607689380646,0.028337648138403893,0.0031597668944949196,0.09368789632982277,0.20145882666110992,1446.1486293190667,912.6690421415195,0.0,1451.4239474806197,925.0442702383111,1403.0,952.0,0.0,1,10
62,1,EF5Day13-15_EF_450ms_CA9_1600ms_Gamma_1_Sphere1_2-Image Export-03_c4.jpg,EF5Day13-15_EF_450ms_CA9_1600ms_Gamma_1_Sphere1_2-Image Export-03_c1.jpg,C:\Overflow\EF5 Consistent staining\Rep 3 following day\Follow up with this template,C:\Overflow\EF5 Consistent staining\Rep 3 following day\Follow up with this template,717336,1284932,2297,1545,1195,379,1729.7589734796525,931.6981303043483,11.229880854373055,939416,0.28459665799278216,955.6885277443392,25,0.5582676748652847,0.08904813977706519,1002.9575902817219,1171.1639509479448,364.7807560713695,105.08762271553898,80.2184515005741,1048.690204382865,961.4826363984214,-55.36238312079707,10061.29353675542,0.7635978097030496,751.4284664206207,163914.6544996444,0.11980980634689331,0.07549529522657394,32.78862556291781,0.08978274464607239,0.7373497486114502,0.08581869191647107,0.22850470978682852,0.18294431269168854,0.05948078632354736,0.023560000583529472,0.004158744967940134,0.1481856456791077,0.29742586612701416,1738.6978053461632,900.1514783240275,0.0,1729.7589734796525,931.6981303043483,1922.0,761.0,0.0,1,5
63,1,EF5Day13-15_EF_450ms_CA9_1600ms_Gamma_1_Sphere2_1-Image Export-04_c4.jpg,EF5Day13-15_EF_450ms_CA9_1600ms_Gamma_1_Sphere2_1-Image Export-04_c1.jpg,C:\Overflow\EF5 Consistent staining\Rep 3 following day\Follow up with this template,C:\Overflow\EF5 Consistent staining\Rep 3 following day\Follow up with this template,186478,872212,2035,1419,1089,497,1540.1535730756443,1042.8925449650897,31.784716937490945,541814,0.46731880923694846,487.26908769500625,42,0.21379893879011067,0.03146166133763716,634.0387754246408,960.4462504481966,121.0826164236634,28.667784447118247,17.08800749063506,758.5776066965526,560.5466246718549,-66.77316388336942,8630.340038480897,0.3441734617414832,650.2559236809611,23639.031442813575,0.09427765011787415,0.020486660301685333,9.327308757145707,0.10942117869853973,0.7331681847572327,0.08614943345004784,0.12676579244100417,0.11167607456445694,0.0678972527384758,0.023560000583529472,0.003669851605474654,0.05613019529349072,0.14141255617141724,1531.8138717764618,1047.0696337708898,0.0,1540.1535730756443,1042.8925449650897,1237.0,991.0,0.0,1,18
64,1,EF5Day13-15_EF_450ms_CA9_1600ms_Gamma_1_Sphere2_2-Image Export-05_c4.jpg,EF5Day13-15_EF_450ms_CA9_1600ms_Gamma_1_Sphere2_2-Image Export-05_c1.jpg,C:\Overflow\EF5 Consistent staining\Rep 3 following day\Follow up with this template,C:\Overflow\EF5 Consistent staining\Rep 3 following day\Follow up with this template,806900,1737552,2396,1654,1124,288,1744.5357355310448,965.8126484074854,13.906067802255265,1201848,0.2900421262336433,1013.5960677936763,33,0.4643889794377377,0.0719110545281407,1064.091115008503,1527.6848496990472,369.2424677633926,112.87004563911957,93.08598175880189,1087.3863624124212,1018.3499658123492,51.81401828024602,11874.544545606754,0.6713827372512997,892.0350349359214,191628.62580189854,0.1139160767197609,0.08894941955804825,51.481926723920374,0.09819921851158142,0.7373497486114502,0.08667266176991074,0.23748745297050258,0.1885553002357483,0.05525372549891472,0.0165274515748024,0.00470998366324988,0.16617018536837241,0.3198697865009308,1762.3316941078062,917.5043402447967,0.0,1744.5357355310448,965.8126484074854,2166.0,700.0,0.0,1,5
65,1,EF5Day13-15_EF_450ms_CA9_1600ms_Gamma_1_Sphere3_1-Image Export-06_c4.jpg,EF5Day13-15_EF_450ms_CA9_1600ms_Gamma_1_Sphere3_1-Image Export-06_c1.jpg,C:\Overflow\EF5 Consistent staining\Rep 3 following day\Follow up with this template,C:\Overflow\EF5 Consistent staining\Rep 3 following day\Follow up with this template,290339,1172940,2112,1489,982,451,1422.75057088438,988.8908103975009,41.04443703901948,880674,0.5765039527994018,608.005835645401,59,0.247530990502498,0.024363837638931088,795.006575572206,1319.0640621289022,146.11296999240005,33.86355565053186,21.213203435596427,905.2311438429023,649.5953887043543,-40.1630327939799,12237.276472281466,0.32967817830434415,933.2773635350168,41771.59221142158,0.10128744691610336,0.028337642550468445,9.65668484827216,0.0911894142627716,0.5783016085624695,0.08715701938130527,0.14387179197910574,0.12570352852344513,0.056392550468444824,0.04854156821966171,0.003098431890839806,0.06218715876054017,0.16554588079452515,1413.7748818017153,992.4529119892837,0.0,1422.75057088438,988.8908103975009,1247.0,1063.0,0.0,1,27
66,1,EF5Day13-15_EF_450ms_CA9_1600ms_Gamma_1_Sphere3_2-Image Export-07_c4.jpg,EF5Day13-15_EF_450ms_CA9_1600ms_Gamma_1_Sphere3_2-Image Export-07_c1.jpg,C:\Overflow\EF5 Consistent staining\Rep 3 following day\Follow up with this template,C:\Overflow\EF5 Consistent staining\Rep 3 following day\Follow up with this template,674168,1247520,2222,1507,1092,403,1662.2469606982236,904.0290891884515,29.671505486231915,958265,0.37727796219531984,926.486566224797,27,0.5404065666281903,0.033702368100736145,1050.9755379975404,1190.1907410159097,216.47401691658055,53.13581507986237,37.36308338453881,1052.1297589010198,973.3085190738864,-47.001029197035216,15854.727804176546,0.7035298169086839,1150.534047909081,149157.52126988396,0.11167607456445694,0.071268230676651,39.02729316177429,0.08978274464607239,0.7373497486114502,0.08409721861772393,0.2212468127675653,0.16863411664962769,0.05610980466008186,0.019638430327177048,0.00530843941105081,0.1486850969308896,0.2926403880119324,1673.77411403603,866.7429745147318,0.0,1662.2469606982236,904.0290891884515,1709.0,667.0,0.0,1,2
67,1,EF5Day13-15_EF_450ms_CA9_1600ms_Gamma_1_Sphere4_1-Image Export-08_c4.jpg,EF5Day13-15_EF_450ms_CA9_1600ms_Gamma_1_Sphere4_1-Image Export-08_c1.jpg,C:\Overflow\EF5 Consistent staining\Rep 3 following day\Follow up with this template,C:\Overflow\EF5 Consistent staining\Rep 3 following day\Follow up with this template,380431,966112,2019,1393,955,485,1358.7575302748724,866.8133932303099,15.243399265604383,718867,0.7312636952521193,695.9739889127629,20,0.3937752558709549,0.06560216540784489,929.471408599706,1090.079813591647,207.6174366473105,63.02799205132108,50.0,805.7091270851988,633.9876771142364,-53.61013097174379,8536.577628534134,0.5292091583004923,645.5198001787066,60921.43204602972,0.10942117869853973,0.03758745640516281,7.53369794715084,0.08978274464607239,0.6052325367927551,0.08692698628854116,0.16013792789238973,0.14141255617141724,0.06817999482154846,0.028337648138403893,0.003015116914670916,0.06762666772042374,0.1944490224123001,1352.5607181233565,862.5289884971257,0.0,1358.7575302748724,866.8133932303099,1239.0,1023.0,0.0,1,2
68,1,EF5Day13-15_EF_450ms_CA9_1600ms_Gamma_1_Sphere4_2-Image Export-01_c4.jpg,EF5Day13-15_EF_450ms_CA9_1600ms_Gamma_1_Sphere4_2-Image Export-01_c1.jpg,C:\Overflow\EF5 Consistent staining\Rep 3 following day\Follow up with this template,C:\Overflow\EF5 Consistent staining\Rep 3 following day\Follow up with this template,507221,1069530,2215,1435,1060,509,1671.6119659872127,945.2568032474996,25.65805378235374,811613,0.6963190736238744,803.6254321013703,42,0.4742466316980356,0.03897411738561977,1095.3729555159146,1220.5642137962263,183.7879212570837,50.227520073117596,37.656340767525464,908.7190686233682,786.1846218730026,-73.0548902949089,12788.376110793079,0.6249542577558517,951.7906858883798,104227.6025981754,0.11756980419158936,0.06454117596149445,8.400965875467772,0.09427765011787415,0.7415235042572021,0.0857932833863692,0.20548755394231588,0.17396235466003418,0.06228627637028694,0.042647842317819595,0.0038975783908183678,0.11239012901478564,0.26347726583480835,1673.2018988117502,937.0076613979354,0.0,1671.6119659872127,945.2568032474996,1770.0,818.0,0.0,1,13
70,1,VehicleDay11-7_EF_450ms_CA9_1600ms_Gamma_1_Sphere1-Image Export-146_c4.jpg,VehicleDay11-7_EF_450ms_CA9_1600ms_Gamma_1_Sphere1-Image Export-146_c1.jpg,C:\Overflow\EF5 Consistent staining,C:\Overflow\EF5 Consistent staining,3094,4158,2763,1805,2686,1751,2722.9382676147384,1777.8897866839043,1.266712062563562,3188,0.79845480475471,62.76466483150048,1,0.7441077441077442,0.789445391382954,81.3617256823186,79.6994353806851,23.345235059857504,9.44515509605393,8.54400374531753,47.53654464644098,48.98421360217316,-71.91073828295198,221.92388155425118,0.9705144291091593,16.47170665860176,426.2786989957094,0.108587846159935,0.029744312167167664,1.5236544610280867,0.08978274464607239,0.2227788269519806,0.0844702905569321,0.1377759208130929,0.13382941484451294,0.06817999482154846,0.06817999482154846,0.003992015489966052,0.035844647529950306,0.16863411664962769,2721.5739263635055,1778.568090352474,0.0,2722.9382676147384,1777.8897866839043,2712.0,1781.0,0.0,1,1
71,1,VehicleDay11-7_EF_450ms_CA9_1600ms_Gamma_1_Sphere2_1-Image Export-147_c4.jpg,VehicleDay11-7_EF_450ms_CA9_1600ms_Gamma_1_Sphere2_1-Image Export-147_c1.jpg,C:\Overflow\EF5 Consistent staining,C:\Overflow\EF5 Consistent staining,390,900,1536,739,1506,709,1521.6589743589743,724.1461538461539,1.8608411598257237,454,0.9518952331797074,22.283703068536735,1,0.43333333333333335,0.5373913806236178,41.94976015635734,38.948684188300895,5.830951894845301,2.7482786441992304,2.8284271247461903,13.52072315932588,12.854399429428321,-46.48142172915637,95.49747468305833,0.8590308370044053,7.01214561611414,36.731019005179405,0.08978274464607239,0.003921568393707275,0.006919577997339824,0.08978274464607239,0.10942117869853973,0.0865696989643721,0.09418210001328052,0.09427765011787415,0.07716196030378342,0.07716196030378342,0.0032253328801107027,0.005607578098126143,0.09736588597297668,1521.6627045376777,724.1403257824529,0.0,1521.6589743589743,724.1461538461539,1523.0,727.0,0.0,1,1
74,1,VehicleDay11-7_EF_450ms_CA9_1600ms_Gamma_1_Sphere4_1-Image Export-150_c4.jpg,VehicleDay11-7_EF_450ms_CA9_1600ms_Gamma_1_Sphere4_1-Image Export-150_c1.jpg,C:\Overflow\EF5 Consistent staining,C:\Overflow\EF5 Consistent staining,41723,58986,852,1307,591,1081,720.6875584210148,1202.5380485583491,1.684243444077991,45352,0.6490352442629084,230.4850830856201,2,0.7073373342827112,0.5937383954297843,265.7444243991905,262.90872941003687,94.37160589923221,34.688075586205144,30.675723300355934,212.96427660385905,202.16728713962402,74.30520633522889,939.7127701597078,0.9199814782148527,75.78869418054819,4670.421225517988,0.09819921851158142,0.011221960186958313,0.8572901676289512,0.08978274464607239,0.13580156862735748,0.08916316962417434,0.11193876819782825,0.11167607456445694,0.08529568463563919,0.08529568463563919,0.0009056448176976405,0.013073690108492922,0.12289803475141525,721.407396147126,1202.0724520811498,0.0,720.6875584210148,1202.5380485583491,759.0,1205.0,0.0,1,2
75,1,VehicleDay11-7_EF_450ms_CA9_1600ms_Gamma_1_Sphere4_2-Image Export-151_c4.jpg,VehicleDay11-7_EF_450ms_CA9_1600ms_Gamma_1_Sphere4_2-Image Export-151_c1.jpg,C:\Overflow\EF5 Consistent staining,C:\Overflow\EF5 Consistent staining,4671,1077736,2333,1687,1009,873,1788.6947120530936,1503.7544423035752,8.019016878525521,631238,0.8368047115351372,77.11875202217645,8,0.004334085527439002,0.12470356592937772,1187.971286114783,1341.0033557004995,19.235384061671343,6.120659393109472,4.47213595499958,708.4797936793512,650.4160418481317,-38.46435926855772,686.0731598529186,0.007399744628808785,53.79610327631235,507.3639643713832,0.0911894142627716,0.005893722176551819,47.02671288300262,0.08978274464607239,0.73873370885849,0.0876158033816162,0.1086199880906408,0.09736588597297668,0.06537450850009918,0.06537450850009918,0.003586073939261629,0.05952096763967108,0.1032596081495285,1804.1991353364301,1459.3570934724626,0.0,1788.6947120530936,1503.7544423035752,2009.0,1077.0,0.0,1,7
77,1,VehicleDay13-7_EF_450ms_CA9_1600ms_Gamma_1_Sphere1_1-Image Export-153_c4.jpg,VehicleDay13-7_EF_450ms_CA9_1600ms_Gamma_1_Sphere1_1-Image Export-153_c1.jpg,C:\Overflow\EF5 Consistent staining,C:\Overflow\EF5 Consistent staining,79,90,1879,2107,1870,2097,1874.0379746835442,2101.6329113924053,0.9005145809541856,80,0.4857257822831194,10.02925341359355,1,0.8777777777777778,1.1104761890034025,10.72155275651029,10.295630140987,5.0,2.0741488124543586,2.0,8.0,9.371829802507184,16.82550555213829,29.899494936611667,0.9875,1.968999169766903,7.561025016009808,0.07854764349758625,0.01725705713033676,0.06043007209919503,0.08585333079099655,0.13775096833705902,0.07292589517655196,0.09570917741784567,0.0961005948483944,0.05890744924545288,0.05890744924545288,0.007498853495668021,0.021234048826124865,0.1131247989833355,1873.9860922006408,2101.6019275001113,0.0,1874.0379746835442,2101.6329113924053,1874.0,2102.0,0.0,1,1
88,1,VehicleDay9-1_EF_450ms_CA9_1600ms_Gamma_1_Sphere1-Image Export-143_c4.jpg,VehicleDay9-1_EF_450ms_CA9_1600ms_Gamma_1_Sphere1-Image Export-143_c1.jpg,C:\Overflow\EF5 Consistent staining,C:\Overflow\EF5 Consistent staining,171,195,1676,1494,1663,1479,1669.1988304093568,1485.654970760234,1.016124594640805,176,0.44762067202291295,14.755472278097805,1,0.8769230769230769,0.9841312820043442,15.6883906135179,15.620499351813308,7.0,2.7676395273852252,2.23606797749979,12.0,14.028928142967779,4.886364440260796,46.72792206135786,0.9715909090909091,3.090838748961687,18.389269594103098,0.0854388177394867,0.01992509886622429,0.06207955461936942,0.08978274464607239,0.1994333565235138,0.07187997090608575,0.10753958826960876,0.10535431280732155,0.04965764656662941,0.04965764656662941,0.009356681120923263,0.03009765137752903,0.12520872801542282,1669.1494567625584,1485.617339468686,0.0,1669.1988304093568,1485.654970760234,1669.0,1485.0,0.0,1,1
89,1,VehicleDay9-1_EF_450ms_CA9_1600ms_Gamma_1_Sphere2-Image Export-144_c4.jpg,VehicleDay9-1_EF_450ms_CA9_1600ms_Gamma_1_Sphere2-Image Export-144_c1.jpg,C:\Overflow\EF5 Consistent staining,C:\Overflow\EF5 Consistent staining,17384,2548336,2351,1715,643,223,1204.9717556373678,1133.1494477680626,51.35838846449431,1753539,0.892782377464937,148.7749852820563,34,0.006821706399784016,0.019471015931337717,2792.5593034397225,1726.0477977159264,12.806248474865697,3.82716791519397,3.1622776601683795,1274.8948995017508,1258.0150392569112,-52.93916572387033,3349.5424227737294,0.009913666020544738,268.1238211542368,1619.7238393202424,0.0911894142627716,0.002240002155303955,4.174254600477161,0.08978274464607239,0.11559765040874481,0.08881213022664353,0.09317325352739544,0.09203764796257019,0.0799674466252327,0.0799674466252327,0.001462817397495846,0.003897862049423787,0.09427765011787415,1207.713822459852,1130.0021519429715,0.0,1204.9717556373678,1133.1494477680626,1796.0,247.0,0.0,1,38
